jyo_cd,motor_no,motor_races,motor_avg_rank,motor_win_count,motor_top2_count,motor_win_pct,motor_top2_pct
1,1,238,3.42,41,82,17.2,34.5
1,2,224,3.39,43,85,19.2,37.9
1,3,241,3.65,39,72,16.2,29.9
1,4,226,3.38,42,82,18.6,36.3
1,5,217,3.46,34,75,15.7,34.6
1,6,241,3.69,31,75,12.9,31.1
1,7,229,3.58,36,75,15.7,32.8
1,8,237,3.5,35,78,14.8,32.9
1,9,252,3.52,46,89,18.3,35.3
1,10,229,3.37,41,88,17.9,38.4
1,11,241,3.59,37,72,15.4,29.9
1,12,247,3.68,38,72,15.4,29.1
1,13,220,3.32,41,79,18.6,35.9
1,14,261,3.35,41,93,15.7,35.6
1,15,268,3.47,51,93,19.0,34.7
1,16,256,3.47,41,86,16.0,33.6
1,17,268,3.66,37,81,13.8,30.2
1,18,236,3.58,39,66,16.5,28.0
1,19,245,3.42,41,77,16.7,31.4
1,20,264,3.42,55,95,20.8,36.0
1,21,223,3.31,44,82,19.7,36.8
1,22,256,3.78,36,71,14.1,27.7
1,23,239,3.46,43,80,18.0,33.5
1,24,251,3.47,55,93,21.9,37.1
1,25,251,3.45,40,84,15.9,33.5
1,26,280,3.46,45,92,16.1,32.9
1,27,269,3.57,47,90,17.5,33.5
1,28,251,3.67,40,77,15.9,30.7
1,29,255,3.55,44,79,17.3,31.0
1,30,239,3.6,42,84,17.6,35.1
1,31,257,3.54,45,83,17.5,32.3
1,32,234,3.49,43,83,18.4,35.5
1,33,265,3.59,44,79,16.6,29.8
1,34,266,3.36,40,90,15.0,33.8
1,35,255,3.54,39,88,15.3,34.5
1,36,236,3.48,44,78,18.6,33.1
1,37,265,3.3,47,102,17.7,38.5
1,38,254,3.52,44,82,17.3,32.3
1,39,254,3.48,53,94,20.9,37.0
1,40,271,3.65,32,84,11.8,31.0
1,41,284,3.62,42,85,14.8,29.9
1,42,258,3.57,32,82,12.4,31.8
1,43,229,3.48,36,80,15.7,34.9
1,44,260,3.49,48,88,18.5,33.8
1,45,224,3.36,40,76,17.9,33.9
1,46,257,3.34,49,95,19.1,37.0
1,47,269,3.64,42,76,15.6,28.3
1,48,244,3.38,50,92,20.5,37.7
1,49,238,3.54,31,76,13.0,31.9
1,50,221,3.67,33,64,14.9,29.0
1,51,264,3.51,45,90,17.0,34.1
1,52,240,3.31,43,86,17.9,35.8
1,53,264,3.41,49,102,18.6,38.6
1,54,237,3.52,43,76,18.1,32.1
1,55,273,3.39,48,101,17.6,37.0
1,56,244,3.41,43,84,17.6,34.4
1,57,220,3.49,34,78,15.5,35.5
1,58,271,3.45,41,93,15.1,34.3
1,59,251,3.53,49,85,19.5,33.9
1,60,239,3.65,36,81,15.1,33.9
1,61,236,3.62,32,67,13.6,28.4
1,62,239,3.59,35,72,14.6,30.1
1,63,220,3.47,35,72,15.9,32.7
1,64,254,3.61,35,77,13.8,30.3
1,65,240,3.62,45,72,18.8,30.0
1,66,241,3.32,46,88,19.1,36.5
1,67,231,3.48,34,79,14.7,34.2
1,68,231,3.43,32,74,13.9,32.0
1,69,260,3.45,46,97,17.7,37.3
1,70,272,3.37,57,97,21.0,35.7
1,71,232,3.59,35,67,15.1,28.9
1,72,248,3.31,45,92,18.1,37.1
1,73,263,3.52,42,82,16.0,31.2
1,74,282,3.48,39,91,13.8,32.3
1,75,251,3.41,44,85,17.5,33.9
1,76,251,3.64,36,77,14.3,30.7
1,77,232,3.58,29,67,12.5,28.9
1,78,255,3.53,41,87,16.1,34.1
1,79,242,3.34,48,88,19.8,36.4
2,1,260,3.54,38,89,14.6,34.2
2,2,248,3.5,40,79,16.1,31.9
2,3,244,3.55,51,77,20.9,31.6
2,4,255,3.5,39,83,15.3,32.5
2,5,263,3.6,37,82,14.1,31.2
2,6,232,3.41,43,78,18.5,33.6
2,7,219,3.52,36,80,16.4,36.5
2,8,254,3.4,46,97,18.1,38.2
2,9,230,3.55,34,72,14.8,31.3
2,10,244,3.54,35,74,14.3,30.3
2,11,241,3.56,39,74,16.2,30.7
2,12,260,3.6,37,81,14.2,31.2
2,13,235,3.42,40,85,17.0,36.2
2,14,239,3.2,54,99,22.6,41.4
2,15,219,3.47,40,73,18.3,33.3
2,16,257,3.37,53,93,20.6,36.2
2,17,238,3.65,32,71,13.4,29.8
2,18,217,3.6,26,66,12.0,30.4
2,19,262,3.64,33,74,12.6,28.2
2,20,222,3.45,38,77,17.1,34.7
2,21,207,3.58,35,65,16.9,31.4
2,22,252,3.5,49,80,19.4,31.7
2,23,235,3.58,44,72,18.7,30.6
2,24,238,3.65,36,68,15.1,28.6
2,25,265,3.52,51,90,19.2,34.0
2,26,236,3.16,50,102,21.2,43.2
2,27,243,3.39,43,91,17.7,37.4
2,28,232,3.36,38,77,16.4,33.2
2,29,252,3.38,43,90,17.1,35.7
2,30,241,3.37,47,99,19.5,41.1
2,31,219,3.48,42,73,19.2,33.3
2,32,246,3.54,40,85,16.3,34.6
2,33,248,3.38,52,96,21.0,38.7
2,34,226,3.65,30,63,13.3,27.9
2,35,232,3.56,29,71,12.5,30.6
2,36,225,3.36,36,80,16.0,35.6
2,37,238,3.44,43,79,18.1,33.2
2,38,242,3.37,44,86,18.2,35.5
2,39,249,3.67,34,71,13.7,28.5
2,40,238,3.43,49,81,20.6,34.0
2,41,239,3.44,41,78,17.2,32.6
2,42,231,3.58,42,72,18.2,31.2
2,43,237,3.63,30,67,12.7,28.3
2,44,243,3.6,26,74,10.7,30.5
2,45,211,3.5,41,75,19.4,35.5
2,46,229,3.52,36,74,15.7,32.3
2,47,242,3.49,34,83,14.0,34.3
2,48,245,3.35,47,97,19.2,39.6
2,49,231,3.45,32,80,13.9,34.6
2,50,237,3.54,36,84,15.2,35.4
2,51,223,3.63,25,62,11.2,27.8
2,52,216,3.49,35,72,16.2,33.3
2,53,217,3.69,23,64,10.6,29.5
2,54,215,3.67,29,66,13.5,30.7
2,55,247,3.52,40,80,16.2,32.4
2,56,234,3.5,43,80,18.4,34.2
2,57,191,3.64,27,54,14.1,28.3
2,58,239,3.58,34,77,14.2,32.2
2,59,245,3.51,37,81,15.1,33.1
2,60,254,3.56,47,90,18.5,35.4
2,61,234,3.77,28,67,12.0,28.6
2,62,246,3.4,40,84,16.3,34.1
2,63,229,3.48,35,74,15.3,32.3
2,64,229,3.44,40,86,17.5,37.6
2,65,232,3.46,36,75,15.5,32.3
2,66,228,3.45,45,86,19.7,37.7
2,67,212,3.35,44,76,20.8,35.8
2,68,200,3.57,34,60,17.0,30.0
2,69,228,3.6,39,71,17.1,31.1
2,70,234,3.46,33,72,14.1,30.8
2,71,218,3.5,44,73,20.2,33.5
2,72,249,3.44,47,85,18.9,34.1
2,73,240,3.49,43,79,17.9,32.9
2,74,212,3.43,39,74,18.4,34.9
2,75,238,3.24,56,93,23.5,39.1
2,76,219,3.37,36,75,16.4,34.2
2,77,241,3.63,39,80,16.2,33.2
2,78,246,3.39,47,89,19.1,36.2
2,79,226,3.66,44,68,19.5,30.1
3,1,240,3.34,49,91,20.4,37.9
3,2,227,3.6,37,76,16.3,33.5
3,3,215,3.45,34,74,15.8,34.4
3,4,211,3.68,32,64,15.2,30.3
3,5,219,3.52,36,68,16.4,31.1
3,6,224,3.34,42,77,18.8,34.4
3,7,220,3.59,32,66,14.5,30.0
3,8,238,3.6,36,73,15.1,30.7
3,9,223,3.33,48,82,21.5,36.8
3,10,209,3.62,28,66,13.4,31.6
3,11,245,3.57,41,79,16.7,32.2
3,12,228,3.68,25,69,11.0,30.3
3,13,233,3.58,33,75,14.2,32.2
3,14,246,3.48,34,80,13.8,32.5
3,15,207,3.39,38,70,18.4,33.8
3,16,239,3.59,27,74,11.3,31.0
3,17,247,3.58,39,78,15.8,31.6
3,18,222,3.46,40,75,18.0,33.8
3,19,198,3.59,29,63,14.6,31.8
3,20,234,3.53,39,77,16.7,32.9
3,21,256,3.52,40,76,15.6,29.7
3,22,206,3.39,33,69,16.0,33.5
3,23,232,3.67,32,65,13.8,28.0
3,24,233,3.58,38,70,16.3,30.0
3,25,214,3.41,42,78,19.6,36.4
3,26,225,3.42,36,77,16.0,34.2
3,27,223,3.61,39,73,17.5,32.7
3,28,224,3.62,35,62,15.6,27.7
3,29,235,3.36,38,82,16.2,34.9
3,30,232,3.52,41,81,17.7,34.9
3,31,204,3.41,34,69,16.7,33.8
3,32,236,3.45,44,80,18.6,33.9
3,33,214,3.52,41,70,19.2,32.7
3,34,225,3.54,40,76,17.8,33.8
3,35,238,3.44,43,81,18.1,34.0
3,36,246,3.53,39,79,15.9,32.1
3,37,220,3.5,37,74,16.8,33.6
3,38,222,3.53,37,73,16.7,32.9
3,39,244,3.37,42,84,17.2,34.4
3,40,229,3.38,43,82,18.8,35.8
3,41,241,3.54,45,82,18.7,34.0
3,42,224,3.42,35,88,15.6,39.3
3,43,227,3.67,34,64,15.0,28.2
3,44,204,3.47,27,71,13.2,34.8
3,45,230,3.57,40,78,17.4,33.9
3,46,248,3.75,29,63,11.7,25.4
3,47,231,3.44,35,75,15.2,32.5
3,48,206,3.43,33,66,16.0,32.0
3,49,202,3.27,39,81,19.3,40.1
3,50,220,3.38,39,83,17.7,37.7
3,51,224,3.56,33,65,14.7,29.0
3,52,232,3.62,42,70,18.1,30.2
3,53,222,3.43,43,85,19.4,38.3
3,54,242,3.67,33,78,13.6,32.2
3,55,230,3.28,45,92,19.6,40.0
3,56,248,3.48,43,82,17.3,33.1
3,57,237,3.32,39,93,16.5,39.2
3,58,252,3.36,55,95,21.8,37.7
3,59,235,3.45,36,83,15.3,35.3
3,60,206,3.49,34,70,16.5,34.0
3,61,227,3.64,30,70,13.2,30.8
3,62,236,3.3,56,93,23.7,39.4
3,63,249,3.4,45,90,18.1,36.1
3,64,261,3.38,47,93,18.0,35.6
3,65,221,3.57,33,73,14.9,33.0
3,66,223,3.58,42,70,18.8,31.4
3,67,244,3.47,51,86,20.9,35.2
3,68,215,3.6,29,71,13.5,33.0
3,69,228,3.34,37,85,16.2,37.3
3,70,252,3.56,38,79,15.1,31.3
3,71,236,3.56,38,77,16.1,32.6
3,72,183,3.54,28,52,15.3,28.4
3,73,225,3.6,37,58,16.4,25.8
3,74,188,3.45,32,70,17.0,37.2
3,75,210,3.31,37,78,17.6,37.1
3,76,231,3.5,39,70,16.9,30.3
3,77,218,3.33,44,82,20.2,37.6
3,78,200,3.72,28,63,14.0,31.5
3,79,197,3.37,45,72,22.8,36.5
4,1,190,3.43,33,68,17.4,35.8
4,2,200,3.34,40,77,20.0,38.5
4,3,187,3.54,32,58,17.1,31.0
4,4,226,3.69,34,66,15.0,29.2
4,5,211,3.43,46,74,21.8,35.1
4,6,215,3.34,45,80,20.9,37.2
4,7,193,3.54,28,59,14.5,30.6
4,8,226,3.53,34,78,15.0,34.5
4,9,212,3.36,37,81,17.5,38.2
4,10,229,3.39,47,79,20.5,34.5
4,11,208,3.5,37,72,17.8,34.6
4,12,238,3.63,39,73,16.4,30.7
4,13,181,3.49,28,63,15.5,34.8
4,14,236,3.52,30,76,12.7,32.2
4,15,204,3.39,37,75,18.1,36.8
4,16,219,3.49,43,75,19.6,34.2
4,17,215,3.41,31,77,14.4,35.8
4,18,203,3.47,32,67,15.8,33.0
4,19,231,3.72,34,69,14.7,29.9
4,20,204,3.15,39,85,19.1,41.7
4,21,225,3.54,41,75,18.2,33.3
4,22,229,3.66,36,71,15.7,31.0
4,23,232,3.58,36,73,15.5,31.5
4,24,239,3.48,40,80,16.7,33.5
4,25,232,3.45,49,83,21.1,35.8
4,26,223,3.14,53,95,23.8,42.6
4,27,219,3.49,33,71,15.1,32.4
4,28,204,3.62,34,61,16.7,29.9
4,29,239,3.62,41,75,17.2,31.4
4,30,227,3.35,43,78,18.9,34.4
4,31,214,3.54,30,69,14.0,32.2
4,32,202,3.64,26,58,12.9,28.7
4,33,208,3.94,25,52,12.0,25.0
4,34,254,3.37,34,94,13.4,37.0
4,35,224,3.62,30,65,13.4,29.0
4,36,217,3.65,31,63,14.3,29.0
4,37,233,3.5,38,79,16.3,33.9
4,38,210,3.43,37,74,17.6,35.2
4,39,220,3.48,36,68,16.4,30.9
4,40,251,3.47,49,81,19.5,32.3
4,41,210,3.38,30,72,14.3,34.3
4,42,214,3.39,41,79,19.2,36.9
4,43,212,3.59,29,63,13.7,29.7
4,44,254,3.49,43,81,16.9,31.9
4,45,240,3.53,37,72,15.4,30.0
4,46,239,3.59,36,78,15.1,32.6
4,47,214,3.51,35,73,16.4,34.1
4,48,228,3.49,36,76,15.8,33.3
4,49,216,3.51,37,74,17.1,34.3
4,50,234,3.46,42,79,17.9,33.8
4,51,221,3.61,33,76,14.9,34.4
4,52,211,3.59,30,66,14.2,31.3
4,53,225,3.58,36,68,16.0,30.2
4,54,209,3.56,27,63,12.9,30.1
4,55,234,3.55,37,77,15.8,32.9
4,56,224,3.36,42,83,18.8,37.1
4,57,229,3.6,36,67,15.7,29.3
4,58,242,3.5,43,78,17.8,32.2
4,59,242,3.6,45,79,18.6,32.6
4,60,246,3.26,54,95,22.0,38.6
4,61,221,3.43,31,70,14.0,31.7
4,62,210,3.54,34,64,16.2,30.5
4,63,236,3.56,39,80,16.5,33.9
4,64,215,3.57,34,64,15.8,29.8
4,65,237,3.37,41,80,17.3,33.8
4,66,234,3.45,35,83,15.0,35.5
4,67,223,3.43,32,77,14.3,34.5
4,68,229,3.54,41,80,17.9,34.9
4,69,190,3.47,34,66,17.9,34.7
4,70,215,3.53,35,67,16.3,31.2
4,71,244,3.43,44,91,18.0,37.3
4,72,245,3.51,45,77,18.4,31.4
4,73,242,3.29,48,93,19.8,38.4
4,74,212,3.63,30,63,14.2,29.7
4,75,213,3.46,41,82,19.2,38.5
4,76,216,3.41,40,77,18.5,35.6
4,77,176,3.56,28,54,15.9,30.7
4,78,199,3.64,28,61,14.1,30.7
4,79,199,3.49,29,69,14.6,34.7
5,1,215,3.52,33,68,15.3,31.6
5,2,173,3.47,24,57,13.9,32.9
5,3,217,3.64,41,69,18.9,31.8
5,4,193,3.63,31,56,16.1,29.0
5,5,191,3.48,40,68,20.9,35.6
5,6,205,3.52,36,69,17.6,33.7
5,7,213,3.52,33,67,15.5,31.5
5,8,218,3.54,33,67,15.1,30.7
5,9,206,3.36,37,72,18.0,35.0
5,10,220,3.49,39,73,17.7,33.2
5,11,202,3.47,37,73,18.3,36.1
5,12,218,3.69,29,64,13.3,29.4
5,13,234,3.51,36,78,15.4,33.3
5,14,222,3.83,24,59,10.8,26.6
5,15,207,3.48,37,75,17.9,36.2
5,16,240,3.62,38,66,15.8,27.5
5,17,239,3.78,32,64,13.4,26.8
5,18,219,3.53,30,67,13.7,30.6
5,19,216,3.58,37,71,17.1,32.9
5,20,198,3.62,30,65,15.2,32.8
5,21,184,3.18,39,78,21.2,42.4
5,22,230,3.6,38,70,16.5,30.4
5,23,220,3.42,38,69,17.3,31.4
5,24,223,3.35,41,83,18.4,37.2
5,25,231,3.56,36,75,15.6,32.5
5,26,229,3.57,38,77,16.6,33.6
5,27,234,3.56,31,80,13.2,34.2
5,28,203,3.5,35,62,17.2,30.5
5,29,258,3.41,54,89,20.9,34.5
5,30,208,3.39,33,75,15.9,36.1
5,31,222,3.61,38,72,17.1,32.4
5,32,209,3.56,24,67,11.5,32.1
5,33,235,3.23,47,98,20.0,41.7
5,34,216,3.29,39,87,18.1,40.3
5,35,229,3.42,37,80,16.2,34.9
5,36,217,3.56,43,72,19.8,33.2
5,37,227,3.45,38,85,16.7,37.4
5,38,229,3.6,36,72,15.7,31.4
5,39,209,3.48,33,70,15.8,33.5
5,40,231,3.45,44,80,19.0,34.6
5,41,227,3.44,33,79,14.5,34.8
5,42,254,3.49,39,88,15.4,34.6
5,43,222,3.53,36,74,16.2,33.3
5,44,226,3.46,40,79,17.7,35.0
5,45,203,3.47,29,62,14.3,30.5
5,46,234,3.5,40,73,17.1,31.2
5,47,191,3.33,40,72,20.9,37.7
5,48,220,3.42,38,78,17.3,35.5
5,49,239,3.28,47,89,19.7,37.2
5,50,228,3.43,37,75,16.2,32.9
5,51,201,3.46,38,72,18.9,35.8
5,52,222,3.42,44,79,19.8,35.6
5,53,235,3.61,33,70,14.0,29.8
5,54,221,3.44,40,80,18.1,36.2
5,55,224,3.54,45,73,20.1,32.6
5,56,208,3.55,34,73,16.3,35.1
5,57,223,3.44,33,75,14.8,33.6
5,58,194,3.52,36,68,18.6,35.1
5,59,259,3.53,42,84,16.2,32.4
5,60,204,3.31,41,80,20.1,39.2
5,61,237,3.51,34,68,14.3,28.7
5,62,194,3.45,34,73,17.5,37.6
5,63,227,3.37,48,90,21.1,39.6
5,64,224,3.41,45,77,20.1,34.4
5,65,201,3.65,32,57,15.9,28.4
5,66,216,3.47,34,71,15.7,32.9
5,67,218,3.65,31,61,14.2,28.0
5,68,218,3.68,35,63,16.1,28.9
5,69,219,3.47,44,80,20.1,36.5
5,70,248,3.48,43,84,17.3,33.9
5,71,264,3.56,39,84,14.8,31.8
5,72,254,3.59,29,77,11.4,30.3
5,73,226,3.31,38,84,16.8,37.2
5,74,196,3.59,30,57,15.3,29.1
5,75,230,3.42,52,85,22.6,37.0
5,76,193,3.58,22,48,11.4,24.9
5,77,204,3.55,30,66,14.7,32.4
5,78,213,3.55,34,64,16.0,30.0
5,79,214,3.4,31,76,14.5,35.5
6,1,194,3.51,29,67,14.9,34.5
6,2,218,3.69,27,65,12.4,29.8
6,3,201,3.67,33,59,16.4,29.4
6,4,203,3.5,33,74,16.3,36.5
6,5,203,3.43,33,71,16.3,35.0
6,6,233,3.25,52,88,22.3,37.8
6,7,238,3.42,44,81,18.5,34.0
6,8,202,3.33,32,68,15.8,33.7
6,9,227,3.67,34,60,15.0,26.4
6,10,196,3.47,34,65,17.3,33.2
6,11,236,3.58,37,76,15.7,32.2
6,12,229,3.5,40,79,17.5,34.5
6,13,219,3.5,38,76,17.4,34.7
6,14,173,3.84,19,53,11.0,30.6
6,15,202,3.44,36,67,17.8,33.2
6,16,242,3.51,38,81,15.7,33.5
6,17,189,3.72,27,48,14.3,25.4
6,18,225,3.57,40,78,17.8,34.7
6,19,217,3.54,28,71,12.9,32.7
6,20,200,3.76,21,56,10.5,28.0
6,21,229,3.55,41,77,17.9,33.6
6,22,227,3.63,35,70,15.4,30.8
6,23,196,3.38,33,75,16.8,38.3
6,24,211,3.48,37,75,17.5,35.5
6,25,222,3.59,42,72,18.9,32.4
6,26,176,3.39,32,62,18.2,35.2
6,27,228,3.49,42,70,18.4,30.7
6,28,202,3.45,33,65,16.3,32.2
6,29,216,3.54,37,71,17.1,32.9
6,30,211,3.63,29,64,13.7,30.3
6,31,190,3.5,25,65,13.2,34.2
6,32,201,3.35,40,75,19.9,37.3
6,33,202,3.37,43,81,21.3,40.1
6,34,205,3.5,34,59,16.6,28.8
6,35,237,3.38,45,79,19.0,33.3
6,36,196,3.56,29,59,14.8,30.1
6,37,209,3.51,36,71,17.2,34.0
6,38,220,3.4,38,81,17.3,36.8
6,39,206,3.27,39,76,18.9,36.9
6,40,190,3.48,27,64,14.2,33.7
6,41,229,3.4,36,77,15.7,33.6
6,42,199,3.67,28,61,14.1,30.7
6,43,221,3.57,37,73,16.7,33.0
6,44,213,3.38,51,81,23.9,38.0
6,45,222,3.63,35,71,15.8,32.0
6,46,219,3.43,34,74,15.5,33.8
6,47,228,3.37,44,80,19.3,35.1
6,48,213,3.77,27,59,12.7,27.7
6,49,237,3.37,38,85,16.0,35.9
6,50,231,3.6,40,73,17.3,31.6
6,51,174,3.4,33,66,19.0,37.9
6,52,203,3.6,30,60,14.8,29.6
6,53,239,3.41,36,86,15.1,36.0
6,54,225,3.65,34,69,15.1,30.7
6,55,180,3.83,25,51,13.9,28.3
6,56,213,3.26,42,83,19.7,39.0
6,57,217,3.43,44,80,20.3,36.9
6,58,185,3.05,44,79,23.8,42.7
6,59,225,3.65,28,69,12.4,30.7
6,60,213,3.43,42,76,19.7,35.7
6,61,196,3.56,28,59,14.3,30.1
6,62,234,3.39,58,82,24.8,35.0
6,63,211,3.63,28,65,13.3,30.8
6,64,208,3.53,24,68,11.5,32.7
6,65,191,3.39,37,73,19.4,38.2
6,66,210,3.55,34,70,16.2,33.3
6,67,204,3.47,29,60,14.2,29.4
6,68,213,3.54,33,68,15.5,31.9
6,69,208,3.49,40,69,19.2,33.2
6,70,187,3.44,31,59,16.6,31.6
6,71,200,3.56,27,62,13.5,31.0
6,72,203,3.36,36,79,17.7,38.9
6,73,190,3.3,36,72,18.9,37.9
6,74,188,3.74,28,50,14.9,26.6
6,75,187,3.27,31,73,16.6,39.0
6,76,214,3.44,39,76,18.2,35.5
6,77,194,3.45,40,62,20.6,32.0
6,78,213,3.49,30,64,14.1,30.0
6,79,179,3.53,30,61,16.8,34.1
7,1,242,3.56,41,79,16.9,32.6
7,2,223,3.48,38,77,17.0,34.5
7,3,226,3.51,35,77,15.5,34.1
7,4,239,3.39,41,87,17.2,36.4
7,5,224,3.42,45,75,20.1,33.5
7,6,222,3.42,34,79,15.3,35.6
7,7,238,3.32,45,87,18.9,36.6
7,8,230,3.42,39,78,17.0,33.9
7,9,242,3.49,47,84,19.4,34.7
7,10,222,3.51,40,74,18.0,33.3
7,11,255,3.56,41,78,16.1,30.6
7,12,215,3.5,34,74,15.8,34.4
7,13,223,3.31,42,82,18.8,36.8
7,14,234,3.45,39,80,16.7,34.2
7,15,191,3.64,28,58,14.7,30.4
7,16,244,3.48,39,89,16.0,36.5
7,17,241,3.34,45,87,18.7,36.1
7,18,248,3.36,44,83,17.7,33.5
7,19,248,3.48,45,84,18.1,33.9
7,20,271,3.45,39,89,14.4,32.8
7,21,250,3.51,43,82,17.2,32.8
7,22,245,3.57,37,70,15.1,28.6
7,23,237,3.44,50,81,21.1,34.2
7,24,238,3.58,27,75,11.3,31.5
7,25,211,3.52,24,70,11.4,33.2
7,26,219,3.45,41,75,18.7,34.2
7,27,270,3.24,56,110,20.7,40.7
7,28,238,3.69,31,71,13.0,29.8
7,29,268,3.5,46,86,17.2,32.1
7,30,275,3.37,57,97,20.7,35.3
7,31,243,3.75,39,73,16.0,30.0
7,32,273,3.41,48,99,17.6,36.3
7,33,240,3.68,36,73,15.0,30.4
7,34,229,3.38,41,79,17.9,34.5
7,35,223,3.42,36,79,16.1,35.4
7,36,271,3.52,42,85,15.5,31.4
7,37,210,3.5,34,75,16.2,35.7
7,38,251,3.48,40,86,15.9,34.3
7,39,241,3.84,29,57,12.0,23.7
7,40,248,3.43,44,78,17.7,31.5
7,41,226,3.47,39,76,17.3,33.6
7,42,233,3.62,31,71,13.3,30.5
7,43,265,3.71,28,64,10.6,24.2
7,44,239,3.51,29,79,12.1,33.1
7,45,262,3.65,33,74,12.6,28.2
7,46,263,3.56,49,86,18.6,32.7
7,47,203,3.57,33,65,16.3,32.0
7,48,245,3.49,42,83,17.1,33.9
7,49,237,3.68,28,75,11.8,31.6
7,50,222,3.59,38,71,17.1,32.0
7,51,239,3.63,33,73,13.8,30.5
7,52,256,3.57,40,87,15.6,34.0
7,53,214,3.43,42,77,19.6,36.0
7,54,223,3.39,32,78,14.3,35.0
7,55,249,3.43,49,93,19.7,37.3
7,56,260,3.46,43,92,16.5,35.4
7,57,258,3.57,43,81,16.7,31.4
7,58,249,3.39,48,86,19.3,34.5
7,59,231,3.61,33,73,14.3,31.6
7,60,240,3.55,36,83,15.0,34.6
7,61,263,3.7,39,72,14.8,27.4
7,62,219,3.36,45,81,20.5,37.0
7,63,255,3.5,44,83,17.3,32.5
7,64,216,3.73,31,65,14.4,30.1
7,65,285,3.44,50,102,17.5,35.8
7,66,247,3.44,38,78,15.4,31.6
7,67,224,3.5,39,75,17.4,33.5
7,68,272,3.58,43,95,15.8,34.9
7,69,231,3.49,45,83,19.5,35.9
7,70,279,3.56,44,92,15.8,33.0
7,71,247,3.43,45,84,18.2,34.0
7,72,207,3.49,40,73,19.3,35.3
7,73,212,3.51,36,72,17.0,34.0
7,74,222,3.17,54,97,24.3,43.7
7,75,229,3.48,41,74,17.9,32.3
7,76,204,3.33,35,76,17.2,37.3
7,77,236,3.41,40,83,16.9,35.2
7,78,214,3.5,41,63,19.2,29.4
7,79,219,3.47,43,73,19.6,33.3
8,1,249,3.54,39,80,15.7,32.1
8,2,221,3.43,39,80,17.6,36.2
8,3,247,3.53,39,67,15.8,27.1
8,4,226,3.66,37,67,16.4,29.6
8,5,256,3.6,34,69,13.3,27.0
8,6,257,3.57,38,81,14.8,31.5
8,7,247,3.41,43,85,17.4,34.4
8,8,192,3.04,50,86,26.0,44.8
8,9,210,3.54,33,60,15.7,28.6
8,10,219,3.58,31,64,14.2,29.2
8,11,217,3.57,39,75,18.0,34.6
8,12,241,3.34,45,90,18.7,37.3
8,13,198,3.45,31,69,15.7,34.8
8,14,222,3.57,34,74,15.3,33.3
8,15,216,3.49,38,73,17.6,33.8
8,16,218,3.5,39,80,17.9,36.7
8,17,213,3.72,27,60,12.7,28.2
8,18,237,3.49,35,81,14.8,34.2
8,19,245,3.57,39,77,15.9,31.4
8,20,233,3.51,40,83,17.2,35.6
8,21,209,3.63,37,64,17.7,30.6
8,22,231,3.6,37,72,16.0,31.2
8,23,200,3.64,22,65,11.0,32.5
8,24,244,3.46,30,79,12.3,32.4
8,25,200,3.56,29,70,14.5,35.0
8,26,241,3.61,38,76,15.8,31.5
8,27,237,3.63,39,79,16.5,33.3
8,28,229,3.46,39,82,17.0,35.8
8,29,236,3.63,32,73,13.6,30.9
8,30,248,3.57,38,78,15.3,31.5
8,31,238,3.54,47,78,19.7,32.8
8,32,215,3.38,41,77,19.1,35.8
8,33,216,3.37,43,74,19.9,34.3
8,34,228,3.49,37,77,16.2,33.8
8,35,232,3.35,41,91,17.7,39.2
8,36,215,3.45,28,71,13.0,33.0
8,37,235,3.73,38,70,16.2,29.8
8,38,234,3.29,50,89,21.4,38.0
8,39,212,3.5,27,78,12.7,36.8
8,40,197,3.57,30,61,15.2,31.0
8,41,241,3.5,49,78,20.3,32.4
8,42,206,3.38,43,75,20.9,36.4
8,43,248,3.34,39,89,15.7,35.9
8,44,232,3.52,35,76,15.1,32.8
8,45,234,3.58,37,67,15.8,28.6
8,46,215,3.3,40,78,18.6,36.3
8,47,238,3.54,39,69,16.4,29.0
8,48,253,3.6,34,78,13.4,30.8
8,49,247,3.28,47,101,19.0,40.9
8,50,205,3.37,42,73,20.5,35.6
8,51,215,3.55,36,71,16.7,33.0
8,52,252,3.54,38,83,15.1,32.9
8,53,196,3.51,31,63,15.8,32.1
8,54,205,3.5,39,68,19.0,33.2
8,55,243,3.3,56,100,23.0,41.2
8,56,221,3.65,29,71,13.1,32.1
8,57,202,3.45,35,70,17.3,34.7
8,58,222,3.4,38,75,17.1,33.8
8,59,235,3.46,38,80,16.2,34.0
8,60,239,3.51,32,78,13.4,32.6
8,61,258,3.66,38,73,14.7,28.3
8,62,241,3.46,40,83,16.6,34.4
8,63,227,3.49,46,74,20.3,32.6
8,64,214,3.39,38,77,17.8,36.0
8,65,207,3.37,39,65,18.8,31.4
8,66,230,3.51,39,69,17.0,30.0
8,67,195,3.48,37,65,19.0,33.3
8,68,224,3.54,31,77,13.8,34.4
8,69,194,3.37,39,72,20.1,37.1
8,70,221,3.43,42,78,19.0,35.3
8,71,226,3.43,44,77,19.5,34.1
8,72,195,3.56,34,63,17.4,32.3
8,73,215,3.46,32,68,14.9,31.6
8,74,193,3.74,29,57,15.0,29.5
8,75,204,3.43,42,76,20.6,37.3
8,76,208,3.5,34,74,16.3,35.6
8,77,198,3.45,36,70,18.2,35.4
8,78,193,3.66,23,59,11.9,30.6
8,79,234,3.58,35,72,15.0,30.8
9,1,174,3.71,32,51,18.4,29.3
9,2,189,3.58,28,58,14.8,30.7
9,3,230,3.31,42,92,18.3,40.0
9,4,228,3.34,38,83,16.7,36.4
9,5,222,3.43,38,78,17.1,35.1
9,6,200,3.64,21,53,10.5,26.5
9,7,197,3.25,36,81,18.3,41.1
9,8,215,3.51,31,72,14.4,33.5
9,9,192,3.55,31,71,16.1,37.0
9,10,182,3.6,30,56,16.5,30.8
9,11,221,3.41,46,85,20.8,38.5
9,12,215,3.46,40,70,18.6,32.6
9,13,187,3.63,24,50,12.8,26.7
9,14,187,3.47,26,59,13.9,31.6
9,15,210,3.62,32,57,15.2,27.1
9,16,193,3.81,26,54,13.5,28.0
9,17,178,3.3,35,68,19.7,38.2
9,18,197,3.29,37,72,18.8,36.5
9,19,222,3.59,39,71,17.6,32.0
9,20,205,3.55,26,61,12.7,29.8
9,21,215,3.37,43,82,20.0,38.1
9,22,210,3.5,30,64,14.3,30.5
9,23,199,3.38,40,70,20.1,35.2
9,24,208,3.61,27,71,13.0,34.1
9,25,189,3.6,27,55,14.3,29.1
9,26,226,3.52,28,74,12.4,32.7
9,27,253,3.51,37,79,14.6,31.2
9,28,204,3.48,40,75,19.6,36.8
9,29,214,3.69,29,60,13.6,28.0
9,30,204,3.58,38,73,18.6,35.8
9,31,218,3.43,49,74,22.5,33.9
9,32,208,3.66,34,63,16.3,30.3
9,33,221,3.73,29,61,13.1,27.6
9,34,237,3.48,47,76,19.8,32.1
9,35,200,3.6,37,64,18.5,32.0
9,36,196,3.36,34,69,17.3,35.2
9,37,192,3.23,46,76,24.0,39.6
9,38,222,3.6,34,64,15.3,28.8
9,39,204,3.35,48,80,23.5,39.2
9,40,217,3.64,34,70,15.7,32.3
9,41,208,3.47,37,68,17.8,32.7
9,42,216,3.55,33,68,15.3,31.5
9,43,196,3.3,30,70,15.3,35.7
9,44,209,3.51,31,67,14.8,32.1
9,45,185,3.5,31,62,16.8,33.5
9,46,222,3.61,29,63,13.1,28.4
9,47,234,3.63,31,75,13.2,32.1
9,48,178,3.54,29,53,16.3,29.8
9,49,203,3.47,35,71,17.2,35.0
9,50,201,3.21,44,87,21.9,43.3
9,51,173,3.47,27,55,15.6,31.8
9,52,202,3.39,42,76,20.8,37.6
9,53,181,3.55,31,57,17.1,31.5
9,54,204,3.44,41,77,20.1,37.7
9,55,214,3.34,39,67,18.2,31.3
9,56,215,3.47,32,77,14.9,35.8
9,57,209,3.55,33,64,15.8,30.6
9,58,203,3.39,45,70,22.2,34.5
9,59,196,3.55,27,66,13.8,33.7
9,60,181,3.62,28,54,15.5,29.8
9,61,186,3.68,28,51,15.1,27.4
9,62,196,3.55,30,71,15.3,36.2
9,63,207,3.6,33,63,15.9,30.4
9,64,216,3.55,34,76,15.7,35.2
9,65,212,3.47,39,73,18.4,34.4
9,66,211,3.43,31,70,14.7,33.2
9,67,212,3.6,36,69,17.0,32.5
9,68,200,3.57,26,66,13.0,33.0
9,69,199,3.43,35,71,17.6,35.7
9,70,199,3.57,30,59,15.1,29.6
9,71,204,3.33,33,78,16.2,38.2
9,72,229,3.58,35,72,15.3,31.4
9,73,181,3.31,42,69,23.2,38.1
9,74,214,3.65,30,67,14.0,31.3
9,75,242,3.53,38,82,15.7,33.9
9,76,209,3.34,36,74,17.2,35.4
9,77,213,3.55,31,70,14.6,32.9
9,78,220,3.27,50,83,22.7,37.7
9,79,229,3.55,34,77,14.8,33.6
10,1,256,3.57,43,77,16.8,30.1
10,2,232,3.69,28,69,12.1,29.7
10,3,224,3.55,37,68,16.5,30.4
10,4,230,3.44,39,77,17.0,33.5
10,5,216,3.56,32,77,14.8,35.6
10,6,230,3.49,39,81,17.0,35.2
10,7,236,3.5,46,76,19.5,32.2
10,8,248,3.65,35,74,14.1,29.8
10,9,203,3.34,38,65,18.7,32.0
10,10,233,3.37,48,85,20.6,36.5
10,11,205,3.56,23,61,11.2,29.8
10,12,226,3.75,34,63,15.0,27.9
10,13,256,3.71,33,65,12.9,25.4
10,14,265,3.43,46,90,17.4,34.0
10,15,244,3.54,39,86,16.0,35.2
10,16,241,3.46,45,85,18.7,35.3
10,17,212,3.59,30,69,14.2,32.5
10,18,258,3.59,34,86,13.2,33.3
10,19,225,3.57,33,67,14.7,29.8
10,20,223,3.49,36,80,16.1,35.9
10,21,257,3.5,46,88,17.9,34.2
10,22,254,3.5,37,77,14.6,30.3
10,23,238,3.68,27,72,11.3,30.3
10,24,261,3.76,39,78,14.9,29.9
10,25,218,3.33,45,82,20.6,37.6
10,26,225,3.52,36,75,16.0,33.3
10,27,213,3.59,30,62,14.1,29.1
10,28,223,3.61,37,71,16.6,31.8
10,29,258,3.21,46,98,17.8,38.0
10,30,196,3.54,30,67,15.3,34.2
10,31,249,3.37,50,80,20.1,32.1
10,32,199,3.44,30,73,15.1,36.7
10,33,262,3.3,52,99,19.8,37.8
10,34,241,3.62,45,74,18.7,30.7
10,35,235,3.33,54,89,23.0,37.9
10,36,221,3.57,33,69,14.9,31.2
10,37,254,3.4,49,89,19.3,35.0
10,38,247,3.38,43,93,17.4,37.7
10,39,246,3.4,51,96,20.7,39.0
10,40,250,3.44,47,80,18.8,32.0
10,41,234,3.55,43,71,18.4,30.3
10,42,248,3.58,45,78,18.1,31.5
10,43,240,3.45,42,80,17.5,33.3
10,44,215,3.57,34,76,15.8,35.3
10,45,233,3.33,50,80,21.5,34.3
10,46,238,3.33,44,89,18.5,37.4
10,47,262,3.53,44,80,16.8,30.5
10,48,219,3.44,37,78,16.9,35.6
10,49,270,3.54,53,94,19.6,34.8
10,50,242,3.48,38,85,15.7,35.1
10,51,238,3.33,38,88,16.0,37.0
10,52,212,3.63,30,63,14.2,29.7
10,53,270,3.28,55,104,20.4,38.5
10,54,256,3.45,43,91,16.8,35.5
10,55,238,3.6,38,76,16.0,31.9
10,56,231,3.46,35,88,15.2,38.1
10,57,220,3.48,41,71,18.6,32.3
10,58,258,3.67,37,83,14.3,32.2
10,59,266,3.5,47,93,17.7,35.0
10,60,232,3.38,46,84,19.8,36.2
10,61,245,3.67,31,71,12.7,29.0
10,62,232,3.55,42,74,18.1,31.9
10,63,255,3.49,47,87,18.4,34.1
10,64,243,3.3,45,92,18.5,37.9
10,65,246,3.39,41,88,16.7,35.8
10,66,263,3.66,35,81,13.3,30.8
10,67,221,3.46,42,83,19.0,37.6
10,68,228,3.36,37,80,16.2,35.1
10,69,251,3.41,42,90,16.7,35.9
10,70,225,3.48,38,79,16.9,35.1
10,71,253,3.45,42,72,16.6,28.5
10,72,215,3.65,23,58,10.7,27.0
10,73,207,3.46,38,68,18.4,32.9
10,74,215,3.71,30,64,14.0,29.8
10,75,201,3.44,29,71,14.4,35.3
10,76,206,3.55,38,65,18.4,31.6
10,77,206,3.66,31,64,15.0,31.1
10,78,248,3.36,37,86,14.9,34.7
10,79,190,3.49,26,60,13.7,31.6
11,1,236,3.61,33,77,14.0,32.6
11,2,214,3.38,42,78,19.6,36.4
11,3,237,3.35,50,91,21.1,38.4
11,4,201,3.33,41,75,20.4,37.3
11,5,219,3.6,36,67,16.4,30.6
11,6,216,3.57,34,69,15.7,31.9
11,7,216,3.56,34,64,15.7,29.6
11,8,204,3.26,43,78,21.1,38.2
11,9,212,3.54,38,70,17.9,33.0
11,10,218,3.54,29,66,13.3,30.3
11,11,252,3.64,41,76,16.3,30.2
11,12,228,3.58,37,82,16.2,36.0
11,13,230,3.64,28,74,12.2,32.2
11,14,217,3.45,40,83,18.4,38.2
11,15,206,3.5,31,65,15.0,31.6
11,16,239,3.44,45,88,18.8,36.8
11,17,216,3.37,40,81,18.5,37.5
11,18,260,3.44,44,90,16.9,34.6
11,19,229,3.29,40,96,17.5,41.9
11,20,215,3.36,41,83,19.1,38.6
11,21,257,3.53,39,85,15.2,33.1
11,22,268,3.56,43,85,16.0,31.7
11,23,229,3.26,57,91,24.9,39.7
11,24,232,3.5,31,72,13.4,31.0
11,25,199,3.64,37,60,18.6,30.2
11,26,230,3.51,36,73,15.7,31.7
11,27,214,3.37,46,79,21.5,36.9
11,28,244,3.5,41,81,16.8,33.2
11,29,235,3.55,41,72,17.4,30.6
11,30,238,3.43,44,75,18.5,31.5
11,31,246,3.5,42,83,17.1,33.7
11,32,213,3.45,32,73,15.0,34.3
11,33,219,3.63,29,66,13.2,30.1
11,34,243,3.4,45,91,18.5,37.4
11,35,252,3.58,43,80,17.1,31.7
11,36,225,3.56,35,70,15.6,31.1
11,37,258,3.5,46,86,17.8,33.3
11,38,232,3.67,39,66,16.8,28.4
11,39,238,3.51,35,84,14.7,35.3
11,40,211,3.62,34,56,16.1,26.5
11,41,220,3.43,36,78,16.4,35.5
11,42,186,3.49,28,63,15.1,33.9
11,43,199,3.6,23,57,11.6,28.6
11,44,245,3.49,32,74,13.1,30.2
11,45,239,3.52,35,73,14.6,30.5
11,46,199,3.64,23,58,11.6,29.1
11,47,235,3.45,43,82,18.3,34.9
11,48,210,3.81,29,50,13.8,23.8
11,49,231,3.41,45,81,19.5,35.1
11,50,213,3.56,31,70,14.6,32.9
11,51,230,3.3,40,89,17.4,38.7
11,52,250,3.42,38,83,15.2,33.2
11,53,201,3.55,32,69,15.9,34.3
11,54,225,3.61,32,74,14.2,32.9
11,55,239,3.33,45,91,18.8,38.1
11,56,201,3.64,29,60,14.4,29.9
11,57,224,3.59,35,71,15.6,31.7
11,58,238,3.41,33,80,13.9,33.6
11,59,214,3.41,40,74,18.7,34.6
11,60,242,3.62,37,74,15.3,30.6
11,61,226,3.44,38,77,16.8,34.1
11,62,214,3.57,31,62,14.5,29.0
11,63,239,3.46,38,81,15.9,33.9
11,64,259,3.52,48,74,18.5,28.6
11,65,257,3.18,61,111,23.7,43.2
11,66,204,3.65,34,66,16.7,32.4
11,67,230,3.68,37,66,16.1,28.7
11,68,250,3.42,49,91,19.6,36.4
11,69,222,3.46,40,69,18.0,31.1
11,70,251,3.4,45,88,17.9,35.1
11,71,214,3.4,33,77,15.4,36.0
11,72,244,3.72,34,75,13.9,30.7
11,73,224,3.41,41,83,18.3,37.1
11,74,201,3.51,36,68,17.9,33.8
11,75,217,3.6,35,69,16.1,31.8
11,76,208,3.43,34,71,16.3,34.1
11,77,243,3.53,39,80,16.0,32.9
11,78,245,3.67,30,72,12.2,29.4
11,79,215,3.35,44,77,20.5,35.8
12,1,220,3.6,33,68,15.0,30.9
12,2,225,3.59,30,71,13.3,31.6
12,3,216,3.32,42,75,19.4,34.7
12,4,212,3.68,32,63,15.1,29.7
12,5,196,3.55,28,60,14.3,30.6
12,6,220,3.62,33,71,15.0,32.3
12,7,194,3.55,18,61,9.3,31.4
12,8,207,3.37,44,77,21.3,37.2
12,9,222,3.5,37,80,16.7,36.0
12,10,206,3.6,32,70,15.5,34.0
12,11,226,3.38,38,86,16.8,38.1
12,12,214,3.47,37,69,17.3,32.2
12,13,190,3.56,30,61,15.8,32.1
12,14,215,3.43,37,72,17.2,33.5
12,15,215,3.45,41,75,19.1,34.9
12,16,219,3.76,28,51,12.8,23.3
12,17,202,3.52,30,65,14.9,32.2
12,18,209,3.41,39,75,18.7,35.9
12,19,200,3.41,31,78,15.5,39.0
12,20,257,3.33,40,88,15.6,34.2
12,21,215,3.57,29,74,13.5,34.4
12,22,210,3.52,33,67,15.7,31.9
12,23,218,3.4,37,79,17.0,36.2
12,24,220,3.65,23,67,10.5,30.5
12,25,226,3.43,48,78,21.2,34.5
12,26,223,3.53,41,76,18.4,34.1
12,27,217,3.55,32,69,14.7,31.8
12,28,241,3.53,45,79,18.7,32.8
12,29,223,3.55,30,73,13.5,32.7
12,30,225,3.48,41,85,18.2,37.8
12,31,244,3.43,44,94,18.0,38.5
12,32,226,3.67,30,64,13.3,28.3
12,33,217,3.55,28,64,12.9,29.5
12,34,211,3.31,41,76,19.4,36.0
12,35,221,3.5,42,74,19.0,33.5
12,36,248,3.51,38,73,15.3,29.4
12,37,222,3.66,32,71,14.4,32.0
12,38,220,3.52,34,78,15.5,35.5
12,39,238,3.55,37,71,15.5,29.8
12,40,211,3.4,46,74,21.8,35.1
12,41,236,3.35,39,87,16.5,36.9
12,42,206,3.54,40,70,19.4,34.0
12,43,219,3.71,29,61,13.2,27.9
12,44,207,3.5,36,79,17.4,38.2
12,45,215,3.4,29,77,13.5,35.8
12,46,197,3.34,40,76,20.3,38.6
12,47,184,3.33,33,66,17.9,35.9
12,48,220,3.51,34,69,15.5,31.4
12,49,218,3.47,43,74,19.7,33.9
12,50,240,3.47,43,79,17.9,32.9
12,51,227,3.58,34,79,15.0,34.8
12,52,197,3.38,36,73,18.3,37.1
12,53,211,3.39,42,76,19.9,36.0
12,54,237,3.6,42,72,17.7,30.4
12,55,212,3.5,30,75,14.2,35.4
12,56,231,3.43,40,78,17.3,33.8
12,57,232,3.24,44,89,19.0,38.4
12,58,218,3.57,32,69,14.7,31.7
12,59,215,3.64,33,65,15.3,30.2
12,60,216,3.38,37,73,17.1,33.8
12,61,199,3.33,39,75,19.6,37.7
12,62,211,3.46,42,65,19.9,30.8
12,63,248,3.4,48,87,19.4,35.1
12,64,226,3.39,38,78,16.8,34.5
12,65,213,3.55,38,70,17.8,32.9
12,66,219,3.32,44,85,20.1,38.8
12,67,224,3.56,37,75,16.5,33.5
12,68,212,3.58,32,64,15.1,30.2
12,69,215,3.72,29,60,13.5,27.9
12,70,243,3.48,42,78,17.3,32.1
12,71,202,3.35,36,74,17.8,36.6
12,72,252,3.48,46,85,18.3,33.7
12,73,239,3.58,35,75,14.6,31.4
12,74,209,3.44,40,67,19.1,32.1
12,75,227,3.55,37,79,16.3,34.8
12,76,207,3.73,27,59,13.0,28.5
12,77,223,3.64,41,65,18.4,29.1
12,78,217,3.66,39,61,18.0,28.1
12,79,224,3.47,47,71,21.0,31.7
12,80,14,3.79,2,5,14.3,35.7
12,81,6,3.5,3,3,50.0,50.0
12,82,2,3.0,0,1,0.0,50.0
12,83,2,2.0,1,1,50.0,50.0
12,84,8,4.25,0,2,0.0,25.0
12,85,2,5.0,0,0,0.0,0.0
12,86,12,3.08,1,4,8.3,33.3
12,87,15,2.67,3,9,20.0,60.0
12,89,16,3.25,3,5,18.8,31.2
12,90,13,3.77,0,3,0.0,23.1
13,1,186,3.7,27,55,14.5,29.6
13,2,195,3.61,26,59,13.3,30.3
13,3,221,3.64,27,63,12.2,28.5
13,4,185,3.48,33,67,17.8,36.2
13,5,206,3.39,36,72,17.5,35.0
13,6,206,3.45,42,72,20.4,35.0
13,7,202,3.7,23,48,11.4,23.8
13,8,211,3.46,38,67,18.0,31.8
13,9,230,3.38,49,83,21.3,36.1
13,10,204,3.74,31,62,15.2,30.4
13,11,218,3.64,37,68,17.0,31.2
13,12,214,3.41,38,71,17.8,33.2
13,13,184,3.68,26,54,14.1,29.3
13,14,210,3.6,30,65,14.3,31.0
13,15,217,3.32,43,77,19.8,35.5
13,16,210,3.52,34,66,16.2,31.4
13,17,216,3.59,29,68,13.4,31.5
13,18,204,3.5,32,76,15.7,37.3
13,19,186,3.4,31,64,16.7,34.4
13,20,194,3.25,43,72,22.2,37.1
13,21,230,3.56,42,72,18.3,31.3
13,22,183,3.21,46,72,25.1,39.3
13,23,197,3.46,35,72,17.8,36.5
13,24,208,3.62,36,68,17.3,32.7
13,25,212,3.57,29,65,13.7,30.7
13,26,206,3.49,40,69,19.4,33.5
13,27,225,3.26,45,91,20.0,40.4
13,28,196,3.55,31,66,15.8,33.7
13,29,221,3.6,35,69,15.8,31.2
13,30,198,3.3,32,75,16.2,37.9
13,31,188,3.62,28,56,14.9,29.8
13,32,220,3.3,43,81,19.5,36.8
13,33,213,3.48,33,73,15.5,34.3
13,34,208,3.37,34,78,16.3,37.5
13,35,201,3.6,29,66,14.4,32.8
13,36,200,3.49,26,68,13.0,34.0
13,37,199,3.58,34,66,17.1,33.2
13,38,206,3.39,36,67,17.5,32.5
13,39,203,3.49,32,65,15.8,32.0
13,40,218,3.5,38,71,17.4,32.6
13,41,221,3.55,32,72,14.5,32.6
13,42,214,3.37,37,77,17.3,36.0
13,43,221,3.72,34,65,15.4,29.4
13,44,202,3.53,34,65,16.8,32.2
13,45,204,3.69,27,61,13.2,29.9
13,46,208,3.38,32,73,15.4,35.1
13,47,192,3.43,38,71,19.8,37.0
13,48,214,3.37,39,73,18.2,34.1
13,49,215,3.51,29,72,13.5,33.5
13,50,190,3.32,40,77,21.1,40.5
13,51,227,3.52,33,77,14.5,33.9
13,52,215,3.59,37,64,17.2,29.8
13,53,223,3.37,44,80,19.7,35.9
13,54,177,3.58,28,53,15.8,29.9
13,55,204,3.72,31,62,15.2,30.4
13,56,172,3.63,23,50,13.4,29.1
13,57,225,3.5,48,76,21.3,33.8
13,58,229,3.34,44,87,19.2,38.0
13,59,204,3.38,39,79,19.1,38.7
13,60,207,3.56,33,63,15.9,30.4
13,61,216,3.46,40,76,18.5,35.2
13,62,162,3.4,24,55,14.8,34.0
13,63,179,3.22,37,72,20.7,40.2
13,64,184,3.64,28,54,15.2,29.3
13,65,195,3.31,36,74,18.5,37.9
13,66,172,3.57,24,53,14.0,30.8
13,67,175,3.57,27,56,15.4,32.0
13,68,172,3.63,25,47,14.5,27.3
13,69,168,3.46,27,58,16.1,34.5
13,70,217,3.53,35,67,16.1,30.9
13,71,190,3.4,33,72,17.4,37.9
13,72,172,3.4,26,63,15.1,36.6
13,73,195,3.64,26,58,13.3,29.7
13,74,195,3.6,34,62,17.4,31.8
13,75,201,3.44,40,70,19.9,34.8
13,76,201,3.4,32,71,15.9,35.3
13,77,183,3.46,33,62,18.0,33.9
13,78,187,3.51,31,62,16.6,33.2
13,79,165,3.63,20,50,12.1,30.3
14,1,215,3.67,31,62,14.4,28.8
14,2,227,3.51,36,69,15.9,30.4
14,3,216,3.46,32,71,14.8,32.9
14,4,212,3.62,34,61,16.0,28.8
14,5,210,3.49,32,72,15.2,34.3
14,6,217,3.59,29,62,13.4,28.6
14,7,222,3.37,38,76,17.1,34.2
14,8,242,3.56,44,84,18.2,34.7
14,9,224,3.44,38,75,17.0,33.5
14,10,256,3.32,51,97,19.9,37.9
14,11,256,3.47,46,79,18.0,30.9
14,12,239,3.42,43,86,18.0,36.0
14,13,187,3.65,30,57,16.0,30.5
14,14,226,3.55,39,70,17.3,31.0
14,15,241,3.54,33,73,13.7,30.3
14,16,223,3.51,41,79,18.4,35.4
14,17,240,3.72,36,64,15.0,26.7
14,18,266,3.51,48,88,18.0,33.1
14,19,246,3.44,39,84,15.9,34.1
14,20,266,3.42,53,100,19.9,37.6
14,21,260,3.67,43,80,16.5,30.8
14,22,241,3.51,40,78,16.6,32.4
14,23,234,3.64,40,73,17.1,31.2
14,24,231,3.55,34,73,14.7,31.6
14,25,248,3.49,48,82,19.4,33.1
14,26,211,3.17,47,93,22.3,44.1
14,27,236,3.46,39,81,16.5,34.3
14,28,207,3.33,34,74,16.4,35.7
14,29,240,3.42,44,84,18.3,35.0
14,30,200,3.56,30,67,15.0,33.5
14,31,239,3.45,45,87,18.8,36.4
14,32,242,3.6,41,71,16.9,29.3
14,33,208,3.4,32,69,15.4,33.2
14,34,234,3.42,34,84,14.5,35.9
14,35,255,3.53,41,84,16.1,32.9
14,36,219,3.65,33,64,15.1,29.2
14,37,224,3.5,33,77,14.7,34.4
14,38,259,3.45,50,92,19.3,35.5
14,39,249,3.57,50,81,20.1,32.5
14,40,235,3.53,43,74,18.3,31.5
14,41,219,3.46,42,81,19.2,37.0
14,42,231,3.56,36,67,15.6,29.0
14,43,234,3.58,37,73,15.8,31.2
14,44,247,3.49,42,82,17.0,33.2
14,45,215,3.47,34,69,15.8,32.1
14,46,209,3.56,33,65,15.8,31.1
14,47,200,3.67,27,65,13.5,32.5
14,48,216,3.34,46,86,21.3,39.8
14,49,217,3.5,35,73,16.1,33.6
14,50,258,3.46,50,95,19.4,36.8
14,51,247,3.48,39,86,15.8,34.8
14,52,234,3.46,40,86,17.1,36.8
14,53,244,3.68,32,68,13.1,27.9
14,54,246,3.54,34,78,13.8,31.7
14,55,253,3.52,44,83,17.4,32.8
14,56,237,3.37,43,88,18.1,37.1
14,57,218,3.26,42,91,19.3,41.7
14,58,213,3.39,38,70,17.8,32.9
14,59,229,3.5,34,72,14.8,31.4
14,60,219,3.23,35,86,16.0,39.3
14,61,195,3.49,35,65,17.9,33.3
14,62,256,3.45,49,96,19.1,37.5
14,63,255,3.59,34,79,13.3,31.0
14,64,245,3.54,36,78,14.7,31.8
14,65,244,3.52,41,83,16.8,34.0
14,66,235,3.53,45,74,19.1,31.5
14,67,238,3.46,38,81,16.0,34.0
14,68,248,3.53,39,77,15.7,31.0
14,69,219,3.52,39,76,17.8,34.7
14,70,235,3.49,35,83,14.9,35.3
14,71,248,3.5,37,83,14.9,33.5
14,72,264,3.67,37,75,14.0,28.4
14,73,252,3.46,44,80,17.5,31.7
14,74,250,3.68,33,73,13.2,29.2
14,75,215,3.36,42,79,19.5,36.7
14,76,237,3.44,38,87,16.0,36.7
14,77,209,3.49,38,74,18.2,35.4
14,78,226,3.45,31,75,13.7,33.2
14,79,234,3.38,41,82,17.5,35.0
14,80,12,3.25,2,3,16.7,25.0
14,81,6,4.83,1,1,16.7,16.7
14,82,17,3.35,4,7,23.5,41.2
14,83,13,4.38,1,1,7.7,7.7
15,1,226,3.65,35,69,15.5,30.5
15,2,200,3.45,34,72,17.0,36.0
15,3,215,3.41,34,79,15.8,36.7
15,4,187,3.47,34,64,18.2,34.2
15,5,213,3.5,31,68,14.6,31.9
15,6,212,3.63,31,65,14.6,30.7
15,7,214,3.49,32,71,15.0,33.2
15,8,180,3.52,29,61,16.1,33.9
15,9,206,3.5,34,66,16.5,32.0
15,10,239,3.57,36,75,15.1,31.4
15,11,219,3.67,35,67,16.0,30.6
15,12,185,3.46,34,62,18.4,33.5
15,13,193,3.52,29,58,15.0,30.1
15,14,203,3.53,35,69,17.2,34.0
15,15,242,3.43,45,82,18.6,33.9
15,16,227,3.56,36,79,15.9,34.8
15,17,213,3.52,41,72,19.2,33.8
15,18,192,3.44,35,59,18.2,30.7
15,19,221,3.39,37,81,16.7,36.7
15,20,211,3.51,33,64,15.6,30.3
15,21,221,3.71,27,61,12.2,27.6
15,22,204,3.62,26,59,12.7,28.9
15,23,211,3.45,38,82,18.0,38.9
15,24,183,3.86,22,47,12.0,25.7
15,25,226,3.68,32,65,14.2,28.8
15,26,213,3.41,38,66,17.8,31.0
15,27,196,3.49,34,68,17.3,34.7
15,28,186,3.44,32,61,17.2,32.8
15,29,206,3.5,29,69,14.1,33.5
15,30,218,3.48,36,74,16.5,33.9
15,31,221,3.53,44,75,19.9,33.9
15,32,209,3.48,42,73,20.1,34.9
15,33,186,3.45,29,63,15.6,33.9
15,34,191,3.28,43,80,22.5,41.9
15,35,221,3.58,37,77,16.7,34.8
15,36,221,3.46,38,72,17.2,32.6
15,37,209,3.5,28,71,13.4,34.0
15,38,190,3.72,24,51,12.6,26.8
15,39,213,3.36,39,74,18.3,34.7
15,40,244,3.25,46,102,18.9,41.8
15,41,212,3.29,39,79,18.4,37.3
15,42,203,3.56,27,63,13.3,31.0
15,43,200,3.4,39,69,19.5,34.5
15,44,208,3.63,23,60,11.1,28.8
15,45,213,3.44,41,74,19.2,34.7
15,46,200,3.36,44,74,22.0,37.0
15,47,209,3.4,39,71,18.7,34.0
15,48,191,3.51,37,64,19.4,33.5
15,49,198,3.44,32,73,16.2,36.9
15,50,203,3.69,28,61,13.8,30.0
15,51,194,3.56,35,57,18.0,29.4
15,52,212,3.74,26,58,12.3,27.4
15,53,214,3.72,31,65,14.5,30.4
15,54,194,3.15,36,79,18.6,40.7
15,55,216,3.47,43,72,19.9,33.3
15,56,216,3.47,36,77,16.7,35.6
15,57,207,3.3,42,78,20.3,37.7
15,58,197,3.55,31,64,15.7,32.5
15,59,185,3.63,26,53,14.1,28.6
15,60,209,3.32,37,76,17.7,36.4
15,61,214,3.2,45,87,21.0,40.7
15,62,217,3.29,44,88,20.3,40.6
15,63,219,3.49,32,70,14.6,32.0
15,64,211,3.58,36,69,17.1,32.7
15,65,192,3.66,25,55,13.0,28.6
15,66,188,3.47,29,64,15.4,34.0
15,67,194,3.49,32,69,16.5,35.6
15,68,219,3.32,47,81,21.5,37.0
15,69,158,3.33,33,57,20.9,36.1
15,70,206,3.44,36,71,17.5,34.5
15,71,195,3.43,33,65,16.9,33.3
15,72,184,3.77,21,53,11.4,28.8
15,73,197,3.46,40,76,20.3,38.6
15,74,187,3.6,27,55,14.4,29.4
15,75,196,3.43,30,64,15.3,32.7
15,76,160,3.54,30,54,18.8,33.8
15,77,186,3.67,27,52,14.5,28.0
15,78,187,3.5,27,60,14.4,32.1
15,79,181,3.64,31,54,17.1,29.8
16,1,198,3.59,32,61,16.2,30.8
16,2,203,3.59,27,62,13.3,30.5
16,3,193,3.47,24,66,12.4,34.2
16,4,195,3.77,24,53,12.3,27.2
16,5,195,3.44,30,64,15.4,32.8
16,6,204,3.48,41,68,20.1,33.3
16,7,210,3.54,26,72,12.4,34.3
16,8,185,3.43,29,63,15.7,34.1
16,9,199,3.6,21,59,10.6,29.6
16,10,216,3.4,41,76,19.0,35.2
16,11,225,3.44,41,74,18.2,32.9
16,12,232,3.3,48,92,20.7,39.7
16,13,222,3.56,39,77,17.6,34.7
16,14,220,3.49,32,73,14.5,33.2
16,15,243,3.41,48,85,19.8,35.0
16,16,198,3.42,39,76,19.7,38.4
16,17,257,3.58,42,83,16.3,32.3
16,18,229,3.49,36,79,15.7,34.5
16,19,218,3.23,45,86,20.6,39.4
16,20,207,3.32,40,77,19.3,37.2
16,21,219,3.32,42,77,19.2,35.2
16,22,218,3.63,32,70,14.7,32.1
16,23,220,3.38,38,77,17.3,35.0
16,24,208,3.26,49,82,23.6,39.4
16,25,214,3.35,42,82,19.6,38.3
16,26,214,3.74,35,64,16.4,29.9
16,27,212,3.65,31,54,14.6,25.5
16,28,203,3.48,34,66,16.7,32.5
16,29,219,3.49,41,64,18.7,29.2
16,30,223,3.56,30,70,13.5,31.4
16,31,238,3.47,47,88,19.7,37.0
16,32,215,3.54,34,69,15.8,32.1
16,33,239,3.63,35,79,14.6,33.1
16,34,230,3.64,28,70,12.2,30.4
16,35,218,3.33,42,82,19.3,37.6
16,36,208,3.68,29,58,13.9,27.9
16,37,199,3.58,33,61,16.6,30.7
16,38,214,3.64,41,70,19.2,32.7
16,39,214,3.56,31,69,14.5,32.2
16,40,204,3.53,31,67,15.2,32.8
16,41,215,3.43,44,73,20.5,34.0
16,42,242,3.44,42,85,17.4,35.1
16,43,251,3.52,36,81,14.3,32.3
16,44,218,3.39,40,77,18.3,35.3
16,45,217,3.51,37,77,17.1,35.5
16,46,207,3.71,23,61,11.1,29.5
16,47,200,3.53,32,63,16.0,31.5
16,48,229,3.62,33,74,14.4,32.3
16,49,211,3.42,41,69,19.4,32.7
16,50,231,3.51,37,73,16.0,31.6
16,51,215,3.46,34,67,15.8,31.2
16,52,211,3.6,31,68,14.7,32.2
16,53,198,3.44,26,66,13.1,33.3
16,54,232,3.59,38,70,16.4,30.2
16,55,229,3.31,50,92,21.8,40.2
16,56,206,3.54,29,59,14.1,28.6
16,57,223,3.55,37,71,16.6,31.8
16,58,228,3.38,34,71,14.9,31.1
16,59,212,3.45,35,74,16.5,34.9
16,60,223,3.56,36,69,16.1,30.9
16,61,249,3.37,45,88,18.1,35.3
16,62,213,3.41,34,83,16.0,39.0
16,63,237,3.49,40,81,16.9,34.2
16,64,227,3.68,35,73,15.4,32.2
16,65,199,3.49,34,66,17.1,33.2
16,66,227,3.38,38,79,16.7,34.8
16,67,222,3.62,34,65,15.3,29.3
16,68,215,3.26,43,86,20.0,40.0
16,69,213,3.39,43,75,20.2,35.2
16,70,248,3.7,35,75,14.1,30.2
16,71,217,3.65,35,65,16.1,30.0
16,72,186,3.57,29,63,15.6,33.9
16,73,193,3.76,28,57,14.5,29.5
16,74,216,3.6,38,72,17.6,33.3
16,75,225,3.4,44,75,19.6,33.3
16,76,202,3.49,37,68,18.3,33.7
16,77,200,3.52,35,70,17.5,35.0
16,78,216,3.32,38,79,17.6,36.6
16,79,216,3.36,41,77,19.0,35.6
17,1,188,3.52,38,63,20.2,33.5
17,2,193,3.53,29,61,15.0,31.6
17,3,201,3.58,30,64,14.9,31.8
17,4,174,3.29,27,67,15.5,38.5
17,5,211,3.46,32,75,15.2,35.5
17,6,192,3.62,30,61,15.6,31.8
17,7,201,3.68,28,61,13.9,30.3
17,8,213,3.48,38,67,17.8,31.5
17,9,175,3.39,42,63,24.0,36.0
17,10,202,3.35,35,76,17.3,37.6
17,11,203,3.52,32,64,15.8,31.5
17,12,223,3.72,30,65,13.5,29.1
17,13,183,3.62,28,53,15.3,29.0
17,14,192,3.72,28,64,14.6,33.3
17,15,209,3.48,32,70,15.3,33.5
17,16,222,3.41,40,75,18.0,33.8
17,17,203,3.54,35,72,17.2,35.5
17,18,203,3.4,39,70,19.2,34.5
17,19,212,3.67,28,62,13.2,29.2
17,20,214,3.39,37,78,17.3,36.4
17,21,233,3.24,49,93,21.0,39.9
17,22,196,3.52,28,63,14.3,32.1
17,23,217,3.58,34,72,15.7,33.2
17,24,214,3.57,28,67,13.1,31.3
17,25,221,3.65,28,66,12.7,29.9
17,26,213,3.55,30,64,14.1,30.0
17,27,202,3.44,38,67,18.8,33.2
17,28,202,3.54,32,64,15.8,31.7
17,29,223,3.46,34,77,15.2,34.5
17,30,236,3.45,44,79,18.6,33.5
17,31,217,3.59,37,73,17.1,33.6
17,32,203,3.51,35,69,17.2,34.0
17,33,227,3.4,36,76,15.9,33.5
17,34,223,3.4,38,77,17.0,34.5
17,35,215,3.42,39,78,18.1,36.3
17,36,238,3.37,40,92,16.8,38.7
17,37,236,3.4,40,83,16.9,35.2
17,38,240,3.44,43,82,17.9,34.2
17,39,226,3.65,33,67,14.6,29.6
17,40,212,3.54,36,69,17.0,32.5
17,41,194,3.56,34,66,17.5,34.0
17,42,188,3.47,35,60,18.6,31.9
17,43,184,3.62,28,54,15.2,29.3
17,44,205,3.22,48,80,23.4,39.0
17,45,185,3.82,26,52,14.1,28.1
17,46,208,3.45,37,70,17.8,33.7
17,47,175,3.46,24,60,13.7,34.3
17,48,215,3.38,41,85,19.1,39.5
17,49,202,3.6,26,66,12.9,32.7
17,50,195,3.43,40,67,20.5,34.4
17,51,233,3.52,45,77,19.3,33.0
17,52,192,3.31,38,77,19.8,40.1
17,53,199,3.35,37,73,18.6,36.7
17,54,205,3.48,33,68,16.1,33.2
17,55,225,3.63,27,69,12.0,30.7
17,56,208,3.56,30,66,14.4,31.7
17,57,199,3.46,35,61,17.6,30.7
17,58,230,3.47,39,81,17.0,35.2
17,59,181,3.64,28,55,15.5,30.4
17,60,238,3.38,42,84,17.6,35.3
17,61,207,3.59,29,67,14.0,32.4
17,62,192,3.26,48,79,25.0,41.1
17,63,211,3.44,41,66,19.4,31.3
17,64,216,3.47,36,69,16.7,31.9
17,65,219,3.62,34,66,15.5,30.1
17,66,219,3.5,41,72,18.7,32.9
17,67,219,3.61,32,62,14.6,28.3
17,68,204,3.49,32,73,15.7,35.8
17,69,200,3.44,32,70,16.0,35.0
17,70,204,3.61,27,68,13.2,33.3
17,71,211,3.49,32,65,15.2,30.8
17,72,215,3.22,51,82,23.7,38.1
17,73,235,3.59,30,77,12.8,32.8
17,74,199,3.33,41,74,20.6,37.2
17,75,202,3.63,30,61,14.9,30.2
17,76,226,3.82,27,57,11.9,25.2
17,77,202,3.44,31,63,15.3,31.2
17,78,221,3.36,46,81,20.8,36.7
17,79,208,3.45,41,68,19.7,32.7
17,80,16,3.81,0,6,0.0,37.5
17,81,11,4.18,1,2,9.1,18.2
17,82,16,4.0,1,4,6.2,25.0
18,1,200,3.58,24,63,12.0,31.5
18,2,241,3.42,43,84,17.8,34.9
18,3,197,3.69,26,59,13.2,29.9
18,4,229,3.33,44,84,19.2,36.7
18,5,189,3.68,27,55,14.3,29.1
18,6,190,3.51,27,72,14.2,37.9
18,7,198,3.46,36,70,18.2,35.4
18,8,213,3.35,47,82,22.1,38.5
18,9,222,3.56,33,77,14.9,34.7
18,10,225,3.53,28,68,12.4,30.2
18,11,214,3.75,30,62,14.0,29.0
18,12,241,3.6,37,68,15.4,28.2
18,13,213,3.37,41,79,19.2,37.1
18,14,220,3.6,31,69,14.1,31.4
18,15,229,3.62,29,69,12.7,30.1
18,16,226,3.54,32,71,14.2,31.4
18,17,210,3.53,41,71,19.5,33.8
18,18,241,3.44,47,78,19.5,32.4
18,19,223,3.45,33,76,14.8,34.1
18,20,220,3.47,42,79,19.1,35.9
18,21,217,3.46,37,74,17.1,34.1
18,22,244,3.49,44,84,18.0,34.4
18,23,238,3.51,40,75,16.8,31.5
18,24,234,3.45,43,85,18.4,36.3
18,25,209,3.27,38,78,18.2,37.3
18,26,261,3.56,40,84,15.3,32.2
18,27,213,3.39,42,80,19.7,37.6
18,28,253,3.57,46,81,18.2,32.0
18,29,231,3.36,44,86,19.0,37.2
18,30,238,3.47,37,78,15.5,32.8
18,31,223,3.32,39,81,17.5,36.3
18,32,265,3.49,46,86,17.4,32.5
18,33,239,3.46,34,82,14.2,34.3
18,34,246,3.6,38,76,15.4,30.9
18,35,237,3.38,41,88,17.3,37.1
18,36,237,3.62,36,69,15.2,29.1
18,37,234,3.69,40,67,17.1,28.6
18,38,233,3.54,42,78,18.0,33.5
18,39,251,3.59,37,79,14.7,31.5
18,40,222,3.27,44,83,19.8,37.4
18,41,231,3.73,36,65,15.6,28.1
18,42,215,3.5,38,70,17.7,32.6
18,43,244,3.5,34,81,13.9,33.2
18,44,235,3.38,42,84,17.9,35.7
18,45,204,3.4,36,68,17.6,33.3
18,46,234,3.44,41,83,17.5,35.5
18,47,213,3.77,30,64,14.1,30.0
18,48,233,3.62,35,74,15.0,31.8
18,49,232,3.35,47,82,20.3,35.3
18,50,238,3.46,44,76,18.5,31.9
18,51,235,3.51,33,71,14.0,30.2
18,52,226,3.43,44,78,19.5,34.5
18,53,225,3.52,38,68,16.9,30.2
18,54,229,3.29,39,84,17.0,36.7
18,55,237,3.56,32,71,13.5,30.0
18,56,211,3.6,34,66,16.1,31.3
18,57,249,3.71,32,77,12.9,30.9
18,58,228,3.43,41,82,18.0,36.0
18,59,262,3.58,42,86,16.0,32.8
18,60,215,3.27,47,82,21.9,38.1
18,61,231,3.35,43,84,18.6,36.4
18,62,226,3.67,32,67,14.2,29.6
18,63,208,3.72,33,54,15.9,26.0
18,64,221,3.44,27,70,12.2,31.7
18,65,249,3.39,38,94,15.3,37.8
18,66,237,3.58,33,78,13.9,32.9
18,67,247,3.48,45,88,18.2,35.6
18,68,246,3.45,49,89,19.9,36.2
18,69,213,3.4,43,78,20.2,36.6
18,70,242,3.51,46,81,19.0,33.5
18,71,238,3.68,36,68,15.1,28.6
18,72,219,3.71,25,61,11.4,27.9
18,73,236,3.37,37,84,15.7,35.6
18,74,242,3.19,49,100,20.2,41.3
18,75,219,3.33,49,82,22.4,37.4
18,76,227,3.54,33,72,14.5,31.7
18,77,186,3.46,39,70,21.0,37.6
18,78,193,3.44,35,64,18.1,33.2
18,79,210,3.66,31,62,14.8,29.5
19,1,195,3.29,40,72,20.5,36.9
19,2,176,3.35,34,69,19.3,39.2
19,3,199,3.37,37,75,18.6,37.7
19,4,187,3.28,42,66,22.5,35.3
19,5,165,3.39,34,57,20.6,34.5
19,6,205,3.52,38,67,18.5,32.7
19,7,200,3.46,23,56,11.5,28.0
19,8,168,3.59,19,57,11.3,33.9
19,9,149,3.63,25,54,16.8,36.2
19,10,157,3.46,20,49,12.7,31.2
19,11,187,3.71,27,58,14.4,31.0
19,12,201,3.4,35,65,17.4,32.3
19,13,178,3.61,24,56,13.5,31.5
19,14,198,3.57,31,61,15.7,30.8
19,15,194,3.41,29,69,14.9,35.6
19,16,186,3.68,29,53,15.6,28.5
19,17,232,3.53,36,73,15.5,31.5
19,18,227,3.44,43,78,18.9,34.4
19,19,196,3.54,31,61,15.8,31.1
19,20,223,3.7,31,63,13.9,28.3
19,21,206,3.41,34,74,16.5,35.9
19,22,206,3.6,26,62,12.6,30.1
19,23,201,3.38,36,76,17.9,37.8
19,24,214,3.47,42,79,19.6,36.9
19,25,194,3.55,29,66,14.9,34.0
19,26,193,3.52,34,65,17.6,33.7
19,27,193,3.45,26,70,13.5,36.3
19,28,203,3.46,35,70,17.2,34.5
19,29,223,3.21,38,88,17.0,39.5
19,30,212,3.65,35,68,16.5,32.1
19,31,228,3.54,31,72,13.6,31.6
19,32,234,3.29,52,86,22.2,36.8
19,33,193,3.52,25,59,13.0,30.6
19,34,218,3.53,36,70,16.5,32.1
19,35,188,3.58,28,62,14.9,33.0
19,36,221,3.33,44,82,19.9,37.1
19,37,211,3.17,41,84,19.4,39.8
19,38,200,3.36,38,69,19.0,34.5
19,39,202,3.49,36,67,17.8,33.2
19,40,209,3.59,37,71,17.7,34.0
19,41,209,3.59,33,62,15.8,29.7
19,42,196,3.53,35,62,17.9,31.6
19,43,221,3.46,30,70,13.6,31.7
19,44,221,3.57,33,67,14.9,30.3
19,45,197,3.72,30,63,15.2,32.0
19,46,199,3.52,31,66,15.6,33.2
19,47,228,3.32,41,86,18.0,37.7
19,48,198,3.49,35,61,17.7,30.8
19,49,212,3.47,31,70,14.6,33.0
19,50,180,3.67,27,51,15.0,28.3
19,51,204,3.43,36,71,17.6,34.8
19,52,202,3.54,38,70,18.8,34.7
19,53,210,3.58,30,72,14.3,34.3
19,54,203,3.44,41,67,20.2,33.0
19,55,210,3.54,36,69,17.1,32.9
19,56,189,3.39,41,70,21.7,37.0
19,57,230,3.67,36,74,15.7,32.2
19,58,183,3.31,36,67,19.7,36.6
19,59,195,3.53,32,60,16.4,30.8
19,60,193,3.56,30,58,15.5,30.1
19,61,183,3.56,32,60,17.5,32.8
19,62,194,3.62,29,60,14.9,30.9
19,63,221,3.61,45,74,20.4,33.5
19,64,203,3.61,29,63,14.3,31.0
19,65,204,3.56,36,64,17.6,31.4
19,66,167,3.49,32,58,19.2,34.7
19,67,226,3.52,39,76,17.3,33.6
19,68,201,3.41,32,70,15.9,34.8
19,69,202,3.44,31,77,15.3,38.1
19,70,220,3.62,27,66,12.3,30.0
19,71,233,3.49,43,81,18.5,34.8
19,72,218,3.56,35,65,16.1,29.8
19,73,197,3.61,28,55,14.2,27.9
19,74,187,3.4,34,69,18.2,36.9
19,75,172,3.63,25,55,14.5,32.0
19,76,172,3.3,31,69,18.0,40.1
19,77,190,3.52,35,61,18.4,32.1
19,78,194,3.48,30,62,15.5,32.0
19,79,196,3.59,35,62,17.9,31.6
20,1,219,3.42,40,71,18.3,32.4
20,2,259,3.45,49,86,18.9,33.2
20,3,240,3.42,40,85,16.7,35.4
20,4,201,3.41,32,68,15.9,33.8
20,5,207,3.54,33,63,15.9,30.4
20,6,222,3.68,24,67,10.8,30.2
20,7,222,3.5,29,67,13.1,30.2
20,8,219,3.42,43,73,19.6,33.3
20,9,235,3.63,35,74,14.9,31.5
20,10,245,3.51,41,82,16.7,33.5
20,11,233,3.4,41,88,17.6,37.8
20,12,238,3.53,36,80,15.1,33.6
20,13,224,3.48,39,74,17.4,33.0
20,14,213,3.41,45,80,21.1,37.6
20,15,249,3.43,50,89,20.1,35.7
20,16,259,3.53,44,82,17.0,31.7
20,17,247,3.6,38,71,15.4,28.7
20,18,247,3.47,47,90,19.0,36.4
20,19,213,3.57,35,65,16.4,30.5
20,20,237,3.51,37,90,15.6,38.0
20,21,257,3.51,42,83,16.3,32.3
20,22,220,3.5,32,79,14.5,35.9
20,23,238,3.32,45,88,18.9,37.0
20,24,226,3.49,37,83,16.4,36.7
20,25,251,3.47,39,86,15.5,34.3
20,26,240,3.47,41,79,17.1,32.9
20,27,224,3.43,39,78,17.4,34.8
20,28,213,3.6,29,66,13.6,31.0
20,29,263,3.52,47,84,17.9,31.9
20,30,262,3.57,40,85,15.3,32.4
20,31,257,3.47,35,80,13.6,31.1
20,32,225,3.32,41,80,18.2,35.6
20,33,222,3.64,42,70,18.9,31.5
20,34,234,3.59,32,67,13.7,28.6
20,35,249,3.63,35,83,14.1,33.3
20,36,247,3.5,37,84,15.0,34.0
20,37,226,3.5,33,72,14.6,31.9
20,38,256,3.86,30,69,11.7,27.0
20,39,276,3.53,38,95,13.8,34.4
20,40,252,3.53,41,77,16.3,30.6
20,41,249,3.64,35,71,14.1,28.5
20,42,225,3.73,36,64,16.0,28.4
20,43,233,3.6,40,72,17.2,30.9
20,44,220,3.48,38,73,17.3,33.2
20,45,228,3.34,49,89,21.5,39.0
20,46,218,3.37,39,79,17.9,36.2
20,47,248,3.53,37,86,14.9,34.7
20,48,247,3.41,41,88,16.6,35.6
20,49,220,3.22,50,94,22.7,42.7
20,50,242,3.55,34,83,14.0,34.3
20,51,232,3.34,44,88,19.0,37.9
20,52,243,3.61,34,74,14.0,30.5
20,53,246,3.67,38,66,15.4,26.8
20,54,231,3.46,39,79,16.9,34.2
20,55,234,3.51,40,80,17.1,34.2
20,56,214,3.52,40,69,18.7,32.2
20,57,212,3.56,30,65,14.2,30.7
20,58,207,3.53,36,68,17.4,32.9
20,59,252,3.56,40,84,15.9,33.3
20,60,252,3.52,41,83,16.3,32.9
20,61,229,3.56,36,75,15.7,32.8
20,62,270,3.47,55,92,20.4,34.1
20,63,190,3.46,40,59,21.1,31.1
20,64,213,3.33,39,85,18.3,39.9
20,65,206,3.34,33,74,16.0,35.9
20,66,199,3.42,39,75,19.6,37.7
20,67,226,3.64,31,64,13.7,28.3
20,68,226,3.56,44,80,19.5,35.4
20,69,205,3.38,36,77,17.6,37.6
20,70,239,3.46,37,80,15.5,33.5
20,71,199,3.49,34,62,17.1,31.2
20,72,218,3.24,49,84,22.5,38.5
20,73,216,3.42,43,81,19.9,37.5
20,74,228,3.52,37,71,16.2,31.1
20,75,223,3.55,29,70,13.0,31.4
20,76,189,3.63,27,53,14.3,28.0
20,77,216,3.44,43,78,19.9,36.1
20,78,212,3.51,37,62,17.5,29.2
20,79,211,3.37,37,70,17.5,33.2
21,1,219,3.52,33,74,15.1,33.8
21,2,211,3.62,24,61,11.4,28.9
21,3,194,3.66,20,54,10.3,27.8
21,4,205,3.56,36,69,17.6,33.7
21,5,225,3.48,38,80,16.9,35.6
21,6,197,3.42,34,64,17.3,32.5
21,7,190,3.64,27,52,14.2,27.4
21,8,211,3.49,43,74,20.4,35.1
21,9,203,3.52,35,67,17.2,33.0
21,10,192,3.41,40,70,20.8,36.5
21,11,189,3.36,37,70,19.6,37.0
21,12,212,3.42,32,71,15.1,33.5
21,13,238,3.61,35,67,14.7,28.2
21,14,202,3.47,40,73,19.8,36.1
21,15,228,3.53,36,76,15.8,33.3
21,16,227,3.74,32,61,14.1,26.9
21,17,231,3.35,45,88,19.5,38.1
21,18,187,3.63,28,60,15.0,32.1
21,19,195,3.37,30,67,15.4,34.4
21,20,216,3.45,38,71,17.6,32.9
21,21,224,3.31,43,85,19.2,37.9
21,22,197,3.57,37,68,18.8,34.5
21,23,207,3.57,35,62,16.9,30.0
21,24,190,3.61,35,64,18.4,33.7
21,25,196,3.61,27,59,13.8,30.1
21,26,202,3.19,48,84,23.8,41.6
21,27,197,3.29,39,72,19.8,36.5
21,28,217,3.18,49,89,22.6,41.0
21,29,204,3.57,27,56,13.2,27.5
21,30,198,3.48,35,68,17.7,34.3
21,31,209,3.47,29,75,13.9,35.9
21,32,189,3.71,24,57,12.7,30.2
21,33,217,3.64,34,66,15.7,30.4
21,34,214,3.54,29,66,13.6,30.8
21,35,230,3.67,37,68,16.1,29.6
21,36,213,3.38,38,77,17.8,36.2
21,37,202,3.55,29,71,14.4,35.1
21,38,200,3.48,34,71,17.0,35.5
21,39,198,3.67,24,59,12.1,29.8
21,40,226,3.55,36,76,15.9,33.6
21,41,234,3.61,38,74,16.2,31.6
21,42,201,3.58,37,65,18.4,32.3
21,43,226,3.58,30,68,13.3,30.1
21,44,219,3.33,47,74,21.5,33.8
21,45,214,3.28,47,81,22.0,37.9
21,46,216,3.52,40,70,18.5,32.4
21,47,199,3.56,33,63,16.6,31.7
21,48,207,3.63,31,67,15.0,32.4
21,49,204,3.39,34,73,16.7,35.8
21,50,196,3.53,31,64,15.8,32.7
21,51,200,3.22,34,85,17.0,42.5
21,52,212,3.54,39,67,18.4,31.6
21,53,197,3.38,34,69,17.3,35.0
21,54,209,3.51,38,72,18.2,34.4
21,55,199,3.61,29,60,14.6,30.2
21,56,213,3.31,35,83,16.4,39.0
21,57,196,3.45,32,60,16.3,30.6
21,58,186,3.66,34,56,18.3,30.1
21,59,200,3.54,26,66,13.0,33.0
21,60,193,3.47,33,69,17.1,35.8
21,61,217,3.56,33,61,15.2,28.1
21,62,207,3.58,33,61,15.9,29.5
21,63,186,3.54,30,59,16.1,31.7
21,64,192,3.73,23,53,12.0,27.6
21,65,191,3.45,38,71,19.9,37.2
21,66,194,3.65,25,54,12.9,27.8
21,67,211,3.29,36,82,17.1,38.9
21,68,181,3.48,32,60,17.7,33.1
21,69,172,3.51,33,63,19.2,36.6
21,70,180,3.53,25,70,13.9,38.9
21,71,184,3.52,29,60,15.8,32.6
21,72,187,3.52,33,62,17.6,33.2
21,73,202,3.34,41,71,20.3,35.1
21,74,177,3.37,24,62,13.6,35.0
21,75,181,3.31,31,75,17.1,41.4
21,76,190,3.32,37,68,19.5,35.8
21,77,206,3.5,42,64,20.4,31.1
21,78,179,3.54,28,53,15.6,29.6
21,79,193,3.58,31,60,16.1,31.1
22,1,203,3.55,22,67,10.8,33.0
22,2,179,3.4,29,56,16.2,31.3
22,3,188,3.57,29,70,15.4,37.2
22,4,183,3.33,30,68,16.4,37.2
22,5,184,3.3,38,69,20.7,37.5
22,6,193,3.63,32,58,16.6,30.1
22,7,215,3.62,29,68,13.5,31.6
22,8,196,3.57,31,67,15.8,34.2
22,9,184,3.48,32,56,17.4,30.4
22,10,187,3.32,35,76,18.7,40.6
22,11,191,3.51,29,58,15.2,30.4
22,12,195,3.62,26,58,13.3,29.7
22,13,192,3.41,32,69,16.7,35.9
22,14,184,3.54,30,58,16.3,31.5
22,15,207,3.44,41,77,19.8,37.2
22,16,218,3.55,32,77,14.7,35.3
22,17,196,3.42,36,66,18.4,33.7
22,18,193,3.4,37,70,19.2,36.3
22,19,222,3.61,31,72,14.0,32.4
22,20,196,3.47,36,71,18.4,36.2
22,21,205,3.42,37,68,18.0,33.2
22,22,203,3.38,36,72,17.7,35.5
22,23,179,3.56,25,60,14.0,33.5
22,24,187,3.55,26,53,13.9,28.3
22,25,185,3.49,38,66,20.5,35.7
22,26,179,3.6,21,55,11.7,30.7
22,27,208,3.39,44,79,21.2,38.0
22,28,200,3.56,38,71,19.0,35.5
22,29,172,3.42,30,60,17.4,34.9
22,30,215,3.17,52,84,24.2,39.1
22,31,193,3.48,38,66,19.7,34.2
22,32,170,3.44,28,58,16.5,34.1
22,33,177,3.6,28,62,15.8,35.0
22,34,216,3.27,46,85,21.3,39.4
22,35,205,3.32,50,78,24.4,38.0
22,36,186,3.33,35,74,18.8,39.8
22,37,200,3.26,37,69,18.5,34.5
22,38,196,3.46,28,72,14.3,36.7
22,39,204,3.44,39,70,19.1,34.3
22,40,198,3.73,30,54,15.2,27.3
22,41,195,3.71,29,55,14.9,28.2
22,42,206,3.51,27,69,13.1,33.5
22,43,189,3.53,33,61,17.5,32.3
22,44,179,3.54,26,59,14.5,33.0
22,45,190,3.58,28,60,14.7,31.6
22,46,189,3.48,30,58,15.9,30.7
22,47,200,3.65,34,56,17.0,28.0
22,48,189,3.68,32,52,16.9,27.5
22,49,209,3.39,35,67,16.7,32.1
22,50,199,3.58,29,60,14.6,30.2
22,51,197,3.44,36,68,18.3,34.5
22,52,197,3.59,23,63,11.7,32.0
22,53,176,3.68,22,53,12.5,30.1
22,54,184,3.51,31,59,16.8,32.1
22,55,206,3.66,35,63,17.0,30.6
22,56,180,3.62,29,58,16.1,32.2
22,57,185,3.21,37,73,20.0,39.5
22,58,196,3.32,33,74,16.8,37.8
22,59,224,3.41,45,78,20.1,34.8
22,60,199,3.6,32,65,16.1,32.7
22,61,198,3.62,30,64,15.2,32.3
22,62,176,3.55,25,60,14.2,34.1
22,63,206,3.61,32,63,15.5,30.6
22,64,203,3.65,33,61,16.3,30.0
22,65,193,3.34,36,69,18.7,35.8
22,66,184,3.42,29,65,15.8,35.3
22,67,193,3.49,37,63,19.2,32.6
22,68,196,3.5,38,66,19.4,33.7
22,69,178,3.87,21,38,11.8,21.3
22,70,212,3.85,21,56,9.9,26.4
22,71,207,3.49,34,67,16.4,32.4
22,72,215,3.37,30,75,14.0,34.9
22,73,199,3.55,34,64,17.1,32.2
22,74,209,3.5,37,68,17.7,32.5
22,75,182,3.67,23,48,12.6,26.4
22,76,207,3.65,31,63,15.0,30.4
22,77,191,3.45,31,62,16.2,32.5
22,78,206,3.3,43,83,20.9,40.3
22,79,167,3.33,33,60,19.8,35.9
23,1,210,3.52,39,66,18.6,31.4
23,2,210,3.42,42,79,20.0,37.6
23,3,218,3.46,31,77,14.2,35.3
23,4,213,3.53,31,68,14.6,31.9
23,5,226,3.39,46,88,20.4,38.9
23,6,193,3.51,35,63,18.1,32.6
23,7,214,3.6,30,73,14.0,34.1
23,8,221,3.29,49,82,22.2,37.1
23,9,213,3.48,36,75,16.9,35.2
23,10,204,3.42,31,75,15.2,36.8
23,11,185,3.5,36,64,19.5,34.6
23,12,232,3.42,37,78,15.9,33.6
23,13,195,3.5,34,66,17.4,33.8
23,14,205,3.42,34,63,16.6,30.7
23,15,221,3.54,37,71,16.7,32.1
23,16,226,3.44,37,72,16.4,31.9
23,17,221,3.46,38,75,17.2,33.9
23,18,209,3.64,33,68,15.8,32.5
23,19,198,3.53,32,69,16.2,34.8
23,20,219,3.44,41,71,18.7,32.4
23,21,179,3.57,28,57,15.6,31.8
23,22,187,3.52,28,57,15.0,30.5
23,23,234,3.45,38,78,16.2,33.3
23,24,210,3.65,33,64,15.7,30.5
23,25,198,3.41,32,75,16.2,37.9
23,26,219,3.33,35,80,16.0,36.5
23,27,202,3.37,43,75,21.3,37.1
23,28,208,3.62,32,58,15.4,27.9
23,29,206,3.42,39,79,18.9,38.3
23,30,207,3.26,46,84,22.2,40.6
23,31,208,3.51,32,64,15.4,30.8
23,32,206,3.31,46,72,22.3,35.0
23,33,199,3.51,30,63,15.1,31.7
23,34,229,3.38,43,77,18.8,33.6
23,35,237,3.57,45,78,19.0,32.9
23,36,200,3.33,34,73,17.0,36.5
23,37,212,3.38,37,78,17.5,36.8
23,38,212,3.7,32,58,15.1,27.4
23,39,183,3.81,27,46,14.8,25.1
23,40,213,3.28,43,78,20.2,36.6
23,41,204,3.4,42,73,20.6,35.8
23,42,233,3.48,37,80,15.9,34.3
23,43,228,3.61,30,65,13.2,28.5
23,44,199,3.51,28,66,14.1,33.2
23,45,191,3.48,30,67,15.7,35.1
23,46,219,3.43,41,76,18.7,34.7
23,47,229,3.56,35,72,15.3,31.4
23,48,223,3.51,33,71,14.8,31.8
23,49,191,3.54,33,61,17.3,31.9
23,50,221,3.62,31,74,14.0,33.5
23,51,205,3.31,40,77,19.5,37.6
23,52,230,3.36,41,78,17.8,33.9
23,53,235,3.6,34,79,14.5,33.6
23,54,186,3.47,31,63,16.7,33.9
23,55,233,3.42,36,77,15.5,33.0
23,56,222,3.44,36,78,16.2,35.1
23,57,216,3.55,39,65,18.1,30.1
23,58,188,3.56,30,62,16.0,33.0
23,59,232,3.69,29,62,12.5,26.7
23,60,245,3.38,53,92,21.6,37.6
23,61,184,3.59,26,55,14.1,29.9
23,62,192,3.6,24,66,12.5,34.4
23,63,184,3.6,30,56,16.3,30.4
23,64,190,3.75,17,52,8.9,27.4
23,65,172,3.44,34,63,19.8,36.6
23,66,186,3.62,31,63,16.7,33.9
23,67,205,3.79,23,55,11.2,26.8
23,68,181,3.31,39,73,21.5,40.3
23,69,197,3.42,37,74,18.8,37.6
23,70,192,3.66,29,54,15.1,28.1
23,71,189,3.96,19,47,10.1,24.9
23,72,192,3.33,38,64,19.8,33.3
23,73,200,3.42,34,75,17.0,37.5
23,74,182,3.51,33,60,18.1,33.0
23,75,208,3.54,32,69,15.4,33.2
23,76,176,3.59,28,49,15.9,27.8
23,77,187,3.36,32,71,17.1,38.0
23,78,191,3.46,31,70,16.2,36.6
23,79,184,3.74,21,47,11.4,25.5
24,1,224,3.37,35,81,15.6,36.2
24,2,239,3.51,46,80,19.2,33.5
24,3,242,3.46,48,83,19.8,34.3
24,4,215,3.51,37,76,17.2,35.3
24,5,245,3.63,37,76,15.1,31.0
24,6,239,3.35,46,82,19.2,34.3
24,7,211,3.54,26,68,12.3,32.2
24,8,253,3.52,41,84,16.2,33.2
24,9,224,3.45,37,77,16.5,34.4
24,10,215,3.34,45,78,20.9,36.3
24,11,236,3.36,48,94,20.3,39.8
24,12,216,3.53,35,74,16.2,34.3
24,13,243,3.64,38,69,15.6,28.4
24,14,231,3.53,42,79,18.2,34.2
24,15,248,3.6,46,86,18.5,34.7
24,16,225,3.48,33,72,14.7,32.0
24,17,228,3.5,36,80,15.8,35.1
24,18,222,3.51,42,76,18.9,34.2
24,19,230,3.51,38,70,16.5,30.4
24,20,241,3.38,40,88,16.6,36.5
24,21,223,3.58,43,76,19.3,34.1
24,22,218,3.62,26,61,11.9,28.0
24,23,257,3.6,44,77,17.1,30.0
24,24,217,3.28,46,81,21.2,37.3
24,25,222,3.6,34,72,15.3,32.4
24,26,233,3.55,40,81,17.2,34.8
24,27,235,3.44,43,78,18.3,33.2
24,28,239,3.35,46,87,19.2,36.4
24,29,254,3.44,50,89,19.7,35.0
24,30,219,3.71,26,56,11.9,25.6
24,31,226,3.45,44,82,19.5,36.3
24,32,248,3.42,40,87,16.1,35.1
24,33,263,3.56,34,80,12.9,30.4
24,34,254,3.56,39,79,15.4,31.1
24,35,239,3.52,39,81,16.3,33.9
24,36,230,3.54,31,81,13.5,35.2
24,37,242,3.26,44,85,18.2,35.1
24,38,228,3.44,46,80,20.2,35.1
24,39,255,3.44,43,84,16.9,32.9
24,40,268,3.59,40,83,14.9,31.0
24,41,255,3.54,58,88,22.7,34.5
24,42,209,3.49,39,69,18.7,33.0
24,43,233,3.43,41,92,17.6,39.5
24,44,249,3.61,40,81,16.1,32.5
24,45,233,3.37,38,78,16.3,33.5
24,46,245,3.53,38,77,15.5,31.4
24,47,227,3.7,33,69,14.5,30.4
24,48,249,3.66,36,75,14.5,30.1
24,49,229,3.58,31,77,13.5,33.6
24,50,255,3.42,49,85,19.2,33.3
24,51,251,3.31,44,99,17.5,39.4
24,52,232,3.73,23,64,9.9,27.6
24,53,265,3.46,50,90,18.9,34.0
24,54,230,3.6,33,72,14.3,31.3
24,55,230,3.44,38,77,16.5,33.5
24,56,263,3.6,36,85,13.7,32.3
24,57,220,3.6,32,68,14.5,30.9
24,58,246,3.25,43,100,17.5,40.7
24,59,249,3.49,45,82,18.1,32.9
24,60,229,3.34,46,83,20.1,36.2
24,61,230,3.4,43,76,18.7,33.0
24,62,247,3.38,43,84,17.4,34.0
24,63,263,3.34,51,94,19.4,35.7
24,64,204,3.59,30,68,14.7,33.3
24,65,213,3.47,39,71,18.3,33.3
24,66,219,3.72,26,62,11.9,28.3
24,67,225,3.34,42,89,18.7,39.6
24,68,232,3.59,34,71,14.7,30.6
24,69,266,3.45,50,90,18.8,33.8
24,70,235,3.61,32,67,13.6,28.5
24,71,215,3.49,38,72,17.7,33.5
24,72,243,3.74,24,59,9.9,24.3
24,73,219,3.49,38,73,17.4,33.3
24,74,219,3.69,32,61,14.6,27.9
24,75,254,3.4,36,91,14.2,35.8
24,76,238,3.56,36,68,15.1,28.6
24,77,239,3.35,44,96,18.4,40.2
24,78,237,3.52,37,80,15.6,33.8
24,79,206,3.51,39,66,18.9,32.0
