jyo_cd,jyo_name,race_no,course_1st,class_1st,prob_win,course_2nd,class_2nd,prob_2nd,confidence_score
03,江戸川,1,1,A1,0.431436775149198,3,A2,0.20848907367286973,0.08994985359926647
03,江戸川,2,1,A2,0.5046625684993664,2,A2,0.22192515656577155,0.1119973195271063
03,江戸川,3,1,A1,0.4735540630429953,2,B1,0.27118098570076393,0.12841885759860117
03,江戸川,4,1,B1,0.4791363386523889,3,A1,0.2361966537734903,0.1131703998909761
03,江戸川,5,1,B2,0.6254468528854071,2,B1,0.2598691236034936,0.16253432551989397
03,江戸川,6,1,B2,0.5884040933745172,3,A1,0.2852762412859291,0.16785770811513712
03,江戸川,7,1,B1,0.5796263780041127,2,B1,0.2074422592585631,0.12023900537903104
03,江戸川,8,1,B1,0.5407878386684595,3,A2,0.20658457342388814,0.11171842496415015
03,江戸川,9,1,A1,0.5132907982999204,2,A2,0.20846632343969773,0.10700384557701186
03,江戸川,10,1,B1,0.5306099890518378,2,A2,0.25499186306121085,0.1353012296672168
03,江戸川,11,1,A2,0.6830336101835773,2,B1,0.2260609954033902,0.15440725781207068
06,浜名湖,1,1,B1,0.5788528655557412,2,B2,0.26980904279771184,0.15617973757630713
06,浜名湖,2,1,A1,0.6438100017401245,2,B2,0.3643538819930119,0.2345746733999421
06,浜名湖,3,1,B1,0.5057714809107655,3,A2,0.30572859366215926,0.15462880357327596
06,浜名湖,4,1,B1,0.5439195937353292,2,B1,0.28787358823394155,0.1565800851593369
06,浜名湖,5,1,B2,0.4025280662008728,2,B2,0.29696337913476495,0.11953609473559355
06,浜名湖,6,1,A2,0.5668835846865863,3,B1,0.17684779572689774,0.10025211238558494
06,浜名湖,7,1,A2,0.34282367994170665,2,B2,0.19595427443937033,0.06717776546361204
06,浜名湖,8,1,B2,0.577868988198153,2,B1,0.243925284289679,0.14095685722842363
06,浜名湖,9,1,A2,0.4370410742125771,6,B2,0.19989261992396687,0.08736128533873687
06,浜名湖,10,1,B1,0.3778530115653117,3,B1,0.25902604540243723,0.09787377132916407
06,浜名湖,11,1,B1,0.416865239366025,2,B1,0.2297339148118586,0.09576808338853943
12,住之江,1,1,B1,0.585551199260278,2,A2,0.24605084285948428,0.14407536611537322
12,住之江,2,1,B1,0.5347939050075577,3,A2,0.21767639506198758,0.1164120093431682
12,住之江,3,1,A2,0.5491066608601113,2,B1,0.2893204513638343,0.15886778696693526
12,住之江,4,1,B1,0.40014786321877893,2,B1,0.2762051439554743,0.11052289816381827
12,住之江,5,1,B1,0.4312981139880311,2,B1,0.24585581912787205,0.10603715110283371
12,住之江,6,1,B1,0.47206981576245,3,B1,0.17132269872635894,0.08087627482367798
12,住之江,7,1,A2,0.5976830474655808,2,A2,0.19666471771593075,0.11754316781341569
12,住之江,8,1,A2,0.5093680364119026,2,A1,0.17333967325808458,0.08829368899975133
12,住之江,9,1,B2,0.48271447422941105,2,A2,0.3007185759395697,0.1451612092756866
12,住之江,10,1,B1,0.4245867282348155,2,B1,0.31736479855267025,0.13474888147437958
15,丸亀,1,1,B1,0.49572504898496805,2,B1,0.17601985375065957,0.08725745062287263
15,丸亀,2,1,B1,0.6093419806008767,4,A2,0.2428847174484123,0.1479998547876999
15,丸亀,3,1,A2,0.6150767711472152,2,A1,0.20873030077343746,0.12838515944031298
15,丸亀,4,1,B1,0.43004794527020357,2,B2,0.1740152046086466,0.07483488118772254
15,丸亀,5,1,B1,0.4868045928163743,3,A1,0.20184723620078748,0.09826016162983488
15,丸亀,6,1,A1,0.5390785610800393,3,A2,0.2330080549707294,0.1256096469936795
15,丸亀,7,1,A2,0.4314176309108837,2,B1,0.19324263971757516,0.08336828181792172
15,丸亀,8,1,B1,0.5277053771669602,3,A2,0.25043947562994484,0.13215825794479577
15,丸亀,9,1,B1,0.5629550812094812,2,A1,0.2279720315004298,0.12833801350681487
15,丸亀,10,1,B1,0.5836545382112617,2,B2,0.2807223422828715,0.16384486905069312
15,丸亀,11,1,A1,0.6509345662562677,3,A1,0.2534028323781432,0.16494866278217635
15,丸亀,12,1,B1,0.5097465472898579,3,B1,0.1955569104902105,0.09968445992105661
18,徳山,1,1,B1,0.6153526254285736,2,A2,0.3064815285588612,0.1885942132440576
18,徳山,2,1,B1,0.6017066129614406,2,A1,0.1896695638638864,0.11412543085441272
18,徳山,3,1,B1,0.5008914032443184,3,B2,0.2370589741144878,0.11874080219586435
18,徳山,4,1,B1,0.47267688552876264,3,A1,0.2747007932403055,0.12984471540110817
18,徳山,5,1,B2,0.5096048426345596,3,B2,0.3006187751747067,0.15319678361590047
18,徳山,6,1,A2,0.3855918138524572,2,A1,0.20816277900314942,0.08026586353239258
18,徳山,7,1,A1,0.5578769646818392,2,A2,0.2912018545794064,0.16245480674248158
18,徳山,8,1,B1,0.5266561048595874,4,A1,0.1983265764542614,0.10444990224553846
18,徳山,9,1,B2,0.6162279465032394,4,B2,0.21200674358858926,0.13064448024643519
18,徳山,10,1,B1,0.5460212100670455,2,B1,0.18533302441961796,0.10119576225898509
18,徳山,11,1,B1,0.5690091867165704,2,A2,0.23692435628248715,0.13481213528164498
24,大村,1,1,B1,0.6121993785572724,3,B1,0.2350846587686808,0.1439186820065348
24,大村,2,1,A2,0.4732324932455964,3,A2,0.23970816400642447,0.11343769210408458
24,大村,3,1,B1,0.39781643844539766,2,B2,0.1650414167673823,0.06565618861438256
24,大村,4,1,B1,0.5190659338746731,2,B1,0.23543821564757866,0.1222079572748971
24,大村,5,1,B1,0.5723209661032039,2,B1,0.22222262960971162,0.12718267006822462
24,大村,6,1,A1,0.3581254902044319,2,B1,0.2223229741574284,0.0796195241038363
24,大村,7,1,A2,0.5654701880471228,2,B1,0.29328929418526073,0.1658463523351473
24,大村,8,1,B1,0.5202876227104932,3,A2,0.20638084880863458,0.10737740119961821
24,大村,9,1,B1,0.6120465060227508,2,B1,0.2348789336817121,0.14375683069824127
24,大村,10,1,B1,0.46045737744646387,2,A2,0.22288578687691102,0.10262940489543391
24,大村,11,1,A2,0.3894603544594114,2,B1,0.21745403116586295,0.08468972405648488
